Date,Container_Type,From_Depot,To_Depot,Quantity,Road_km,Unit_Cost_VND,Total_Cost_VND,Road_Assumption,Transfer_Assumption
2026-01-01,40GP,D01_PHU_MY,D02_CAI_MEP,19,5.94,1678200.0,31885800.0,SYMMETRIC_ROAD_COST_V1,SAME_DAY_TRANSFER_V1
2026-01-04,20GP,D03_LONG_SON,D01_PHU_MY,24,17.48,1637000.0,39288000.0,SYMMETRIC_ROAD_COST_V1,SAME_DAY_TRANSFER_V1
2026-01-05,40HC,D02_CAI_MEP,D01_PHU_MY,85,5.94,1678200.0,142647000.0,SYMMETRIC_ROAD_COST_V1,SAME_DAY_TRANSFER_V1
2026-01-07,40HC,D02_CAI_MEP,D01_PHU_MY,4,5.94,1678200.0,6712800.0,SYMMETRIC_ROAD_COST_V1,SAME_DAY_TRANSFER_V1
2026-01-08,40HC,D02_CAI_MEP,D01_PHU_MY,6,5.94,1678200.0,10069200.0,SYMMETRIC_ROAD_COST_V1,SAME_DAY_TRANSFER_V1
2026-01-10,40HC,D02_CAI_MEP,D01_PHU_MY,13,5.94,1678200.0,21816600.0,SYMMETRIC_ROAD_COST_V1,SAME_DAY_TRANSFER_V1
2026-01-18,40GP,D01_PHU_MY,D02_CAI_MEP,4,5.94,1678200.0,6712800.0,SYMMETRIC_ROAD_COST_V1,SAME_DAY_TRANSFER_V1
2026-01-18,20GP,D03_LONG_SON,D01_PHU_MY,3,17.48,1637000.0,4911000.0,SYMMETRIC_ROAD_COST_V1,SAME_DAY_TRANSFER_V1
2026-01-20,40GP,D01_PHU_MY,D02_CAI_MEP,67,5.94,1678200.0,112439400.0,SYMMETRIC_ROAD_COST_V1,SAME_DAY_TRANSFER_V1
2026-01-20,40HC,D02_CAI_MEP,D01_PHU_MY,35,5.94,1678200.0,58737000.0,SYMMETRIC_ROAD_COST_V1,SAME_DAY_TRANSFER_V1
2026-01-22,20GP,D03_LONG_SON,D01_PHU_MY,3,17.48,1637000.0,4911000.0,SYMMETRIC_ROAD_COST_V1,SAME_DAY_TRANSFER_V1
2026-01-24,40HC,D02_CAI_MEP,D01_PHU_MY,26,5.94,1678200.0,43633200.0,SYMMETRIC_ROAD_COST_V1,SAME_DAY_TRANSFER_V1
2026-01-24,20GP,D03_LONG_SON,D01_PHU_MY,127,17.48,1637000.0,207899000.0,SYMMETRIC_ROAD_COST_V1,SAME_DAY_TRANSFER_V1
2026-01-25,40HC,D02_CAI_MEP,D01_PHU_MY,9,5.94,1678200.0,15103800.0,SYMMETRIC_ROAD_COST_V1,SAME_DAY_TRANSFER_V1
2026-01-25,20GP,D03_LONG_SON,D01_PHU_MY,1,17.48,1637000.0,1637000.0,SYMMETRIC_ROAD_COST_V1,SAME_DAY_TRANSFER_V1
2026-01-27,40GP,D01_PHU_MY,D02_CAI_MEP,15,5.94,1678200.0,25173000.0,SYMMETRIC_ROAD_COST_V1,SAME_DAY_TRANSFER_V1
2026-01-27,40HC,D02_CAI_MEP,D01_PHU_MY,37,5.94,1678200.0,62093400.0,SYMMETRIC_ROAD_COST_V1,SAME_DAY_TRANSFER_V1
2026-01-29,40GP,D01_PHU_MY,D02_CAI_MEP,14,5.94,1678200.0,23494800.0,SYMMETRIC_ROAD_COST_V1,SAME_DAY_TRANSFER_V1
2026-01-30,40HC,D02_CAI_MEP,D01_PHU_MY,17,5.94,1678200.0,28529400.0,SYMMETRIC_ROAD_COST_V1,SAME_DAY_TRANSFER_V1
2026-01-31,40GP,D01_PHU_MY,D02_CAI_MEP,66,5.94,1678200.0,110761200.0,SYMMETRIC_ROAD_COST_V1,SAME_DAY_TRANSFER_V1
2026-01-31,20GP,D03_LONG_SON,D01_PHU_MY,48,17.48,1637000.0,78576000.0,SYMMETRIC_ROAD_COST_V1,SAME_DAY_TRANSFER_V1
2026-02-03,40HC,D02_CAI_MEP,D01_PHU_MY,6,5.94,1678200.0,10069200.0,SYMMETRIC_ROAD_COST_V1,SAME_DAY_TRANSFER_V1
2026-02-07,40GP,D01_PHU_MY,D02_CAI_MEP,135,5.94,1678200.0,226557000.0,SYMMETRIC_ROAD_COST_V1,SAME_DAY_TRANSFER_V1
2026-02-12,20GP,D03_LONG_SON,D01_PHU_MY,43,17.48,1637000.0,70391000.0,SYMMETRIC_ROAD_COST_V1,SAME_DAY_TRANSFER_V1
2026-02-13,20GP,D03_LONG_SON,D01_PHU_MY,8,17.48,1637000.0,13096000.0,SYMMETRIC_ROAD_COST_V1,SAME_DAY_TRANSFER_V1
2026-02-14,40HC,D02_CAI_MEP,D01_PHU_MY,33,5.94,1678200.0,55380600.0,SYMMETRIC_ROAD_COST_V1,SAME_DAY_TRANSFER_V1
2026-02-18,40HC,D02_CAI_MEP,D01_PHU_MY,73,5.94,1678200.0,122508600.0,SYMMETRIC_ROAD_COST_V1,SAME_DAY_TRANSFER_V1
2026-02-25,40HC,D02_CAI_MEP,D01_PHU_MY,24,5.94,1678200.0,40276800.0,SYMMETRIC_ROAD_COST_V1,SAME_DAY_TRANSFER_V1
2026-02-26,40GP,D01_PHU_MY,D02_CAI_MEP,41,5.94,1678200.0,68806200.0,SYMMETRIC_ROAD_COST_V1,SAME_DAY_TRANSFER_V1
2026-02-28,20GP,D03_LONG_SON,D01_PHU_MY,18,17.48,1637000.0,29466000.0,SYMMETRIC_ROAD_COST_V1,SAME_DAY_TRANSFER_V1
2026-03-03,20GP,D02_CAI_MEP,D01_PHU_MY,11,5.94,1348500.0,14833500.0,SYMMETRIC_ROAD_COST_V1,SAME_DAY_TRANSFER_V1
2026-03-04,20GP,D02_CAI_MEP,D01_PHU_MY,6,5.94,1348500.0,8091000.0,SYMMETRIC_ROAD_COST_V1,SAME_DAY_TRANSFER_V1
2026-03-08,40GP,D01_PHU_MY,D02_CAI_MEP,8,5.94,1678200.0,13425600.0,SYMMETRIC_ROAD_COST_V1,SAME_DAY_TRANSFER_V1
2026-03-10,20GP,D02_CAI_MEP,D01_PHU_MY,14,5.94,1348500.0,18879000.0,SYMMETRIC_ROAD_COST_V1,SAME_DAY_TRANSFER_V1
2026-03-11,40GP,D01_PHU_MY,D02_CAI_MEP,4,5.94,1678200.0,6712800.0,SYMMETRIC_ROAD_COST_V1,SAME_DAY_TRANSFER_V1
2026-03-12,20GP,D02_CAI_MEP,D01_PHU_MY,7,5.94,1348500.0,9439500.0,SYMMETRIC_ROAD_COST_V1,SAME_DAY_TRANSFER_V1
2026-03-13,40GP,D01_PHU_MY,D02_CAI_MEP,11,5.94,1678200.0,18460200.0,SYMMETRIC_ROAD_COST_V1,SAME_DAY_TRANSFER_V1
2026-03-13,20GP,D02_CAI_MEP,D01_PHU_MY,17,5.94,1348500.0,22924500.0,SYMMETRIC_ROAD_COST_V1,SAME_DAY_TRANSFER_V1
2026-03-17,40GP,D01_PHU_MY,D02_CAI_MEP,30,5.94,1678200.0,50346000.0,SYMMETRIC_ROAD_COST_V1,SAME_DAY_TRANSFER_V1
2026-03-17,20GP,D02_CAI_MEP,D01_PHU_MY,1,5.94,1348500.0,1348500.0,SYMMETRIC_ROAD_COST_V1,SAME_DAY_TRANSFER_V1
