Scenario,Group,Safety_Days,Cost_Multiplier,Penalty_Multiplier,Daily_ECR_Capacity,Baseline_Shortage,Optimized_Shortage,Shortage_Reduction,Shortage_Reduction_pct,Containers_Repositioned,Transport_Cost_VND,Avg_Cost_per_Reposition_VND,Safety_Deficit_Total,Objective_Value,Solver_Status,Delta_Shortage_vs_Base,Delta_ECR_vs_Base,Delta_Cost_vs_Base_VND
S00_BASE,BASE,3,1.0,1.0,UNLIMITED,1113,0,1113,100.0,1113,1838043400.0,1651432.0,2386.0,2236088400.0,Optimal,0,0,0.0
S01_SAFETY_1D,SAFETY_STOCK,1,1.0,1.0,UNLIMITED,1113,0,1113,100.0,1113,1821887400.0,1636916.0,154.0,2108332400.0,Optimal,0,0,-16156000.0
S02_SAFETY_5D,SAFETY_STOCK,5,1.0,1.0,UNLIMITED,1113,0,1113,100.0,1134,1889809950.0,1666499.0,12869.0,2812004950.0,Optimal,0,21,51766550.0
S03_COST_MINUS20,TRANSPORT_COST,3,0.8,1.0,UNLIMITED,1113,0,1113,100.0,1113,1470665520.0,1321353.0,2381.0,1868460520.0,Optimal,0,0,-367377880.0
S04_COST_PLUS20,TRANSPORT_COST,3,1.2,1.0,UNLIMITED,1113,0,1113,100.0,1113,2205652080.0,1981718.0,2386.0,2603697080.0,Optimal,0,0,367608680.0
S05_PENALTY_50,SHORTAGE_PENALTY,3,1.0,0.5,UNLIMITED,1113,0,1113,100.0,1113,1838043400.0,1651432.0,2386.0,2236088400.0,Optimal,0,0,0.0
S06_PENALTY_150,SHORTAGE_PENALTY,3,1.0,1.5,UNLIMITED,1113,0,1113,100.0,1113,1838043400.0,1651432.0,2386.0,2236088400.0,Optimal,0,0,0.0
S07_CAP_10,DAILY_CAPACITY,3,1.0,1.0,10,1113,213,900,80.86,900,1479841900.0,1644269.0,6213.0,4221776900.0,Optimal,213,-213,-358201500.0
S08_CAP_20,DAILY_CAPACITY,3,1.0,1.0,20,1113,0,1113,100.0,1113,1838043400.0,1651432.0,2386.0,2236088400.0,Optimal,0,0,0.0
S09_CAP_30,DAILY_CAPACITY,3,1.0,1.0,30,1113,0,1113,100.0,1113,1838043400.0,1651432.0,2386.0,2236088400.0,Optimal,0,0,0.0
