Group,Parameter,Value,Unit,Data_Class
Relevant_Empty_Flow,LOW,0.08,ratio,CALIBRATION_ASSUMPTION_V2
Relevant_Empty_Flow,BASE,0.12,ratio,CALIBRATION_ASSUMPTION_V2
Relevant_Empty_Flow,HIGH,0.16,ratio,CALIBRATION_ASSUMPTION_V2
Container_Type_Share,20GP,0.25,share,CALIBRATION_ASSUMPTION_V2
Container_Type_Share,40GP,0.3,share,CALIBRATION_ASSUMPTION_V2
Container_Type_Share,40HC,0.45,share,CALIBRATION_ASSUMPTION_V2
Depot_Share,D01_PHU_MY,0.35,share,CALIBRATION_ASSUMPTION_V2
Depot_Share,D02_CAI_MEP,0.35,share,CALIBRATION_ASSUMPTION_V2
Depot_Share,D03_LONG_SON,0.3,share,CALIBRATION_ASSUMPTION_V2
