Date,Depot_ID,Container_Type,Opening_Available,Usable_Return,Demand,ECR_In,ECR_Out,Optimized_Release,Optimized_Shortage,Optimized_Closing_Stock,Safety_Stock,Safety_Deficit,Balance_Check
2026-01-01,D01_PHU_MY,20GP,110,14,30,0,0,30,0,94,73,0.0,0
2026-01-01,D01_PHU_MY,40GP,120,30,26,0,19,26,0,105,71,0.0,0
2026-01-01,D01_PHU_MY,40HC,125,28,36,0,0,36,0,117,102,0.0,0
2026-01-01,D02_CAI_MEP,20GP,100,24,29,0,0,29,0,95,65,0.0,0
2026-01-01,D02_CAI_MEP,40GP,105,23,31,19,0,31,0,116,85,0.0,0
2026-01-01,D02_CAI_MEP,40HC,120,38,26,0,0,26,0,132,78,0.0,0
2026-01-01,D03_LONG_SON,20GP,95,25,25,0,0,25,0,95,63,0.0,0
2026-01-01,D03_LONG_SON,40GP,100,14,23,0,0,23,0,91,71,0.0,0
2026-01-01,D03_LONG_SON,40HC,105,19,38,0,0,38,0,86,69,0.0,0
2026-01-02,D01_PHU_MY,20GP,94,26,20,0,0,20,0,100,73,0.0,0
2026-01-02,D01_PHU_MY,40GP,105,35,25,0,0,25,0,115,71,0.0,0
2026-01-02,D01_PHU_MY,40HC,117,36,31,0,0,31,0,122,102,0.0,0
2026-01-02,D02_CAI_MEP,20GP,95,37,29,0,0,29,0,103,65,0.0,0
2026-01-02,D02_CAI_MEP,40GP,116,31,30,0,0,30,0,117,85,0.0,0
2026-01-02,D02_CAI_MEP,40HC,132,35,27,0,0,27,0,140,78,0.0,0
2026-01-02,D03_LONG_SON,20GP,95,37,21,0,0,21,0,111,63,0.0,0
2026-01-02,D03_LONG_SON,40GP,91,30,20,0,0,20,0,101,71,0.0,0
2026-01-02,D03_LONG_SON,40HC,86,26,31,0,0,31,0,81,69,0.0,0
2026-01-03,D01_PHU_MY,20GP,100,14,20,0,0,20,0,94,73,0.0,0
2026-01-03,D01_PHU_MY,40GP,115,26,18,0,0,18,0,123,71,0.0,0
2026-01-03,D01_PHU_MY,40HC,122,28,28,0,0,28,0,122,102,0.0,0
2026-01-03,D02_CAI_MEP,20GP,103,18,34,0,0,34,0,87,65,0.0,0
2026-01-03,D02_CAI_MEP,40GP,117,23,26,0,0,26,0,114,85,0.0,0
2026-01-03,D02_CAI_MEP,40HC,140,25,20,0,0,20,0,145,78,0.0,0
2026-01-03,D03_LONG_SON,20GP,111,27,19,0,0,19,0,119,63,0.0,0
2026-01-03,D03_LONG_SON,40GP,101,22,18,0,0,18,0,105,71,0.0,0
2026-01-03,D03_LONG_SON,40HC,81,15,20,0,0,20,0,76,69,0.0,0
2026-01-04,D01_PHU_MY,20GP,94,15,16,24,0,16,0,117,73,0.0,0
2026-01-04,D01_PHU_MY,40GP,123,20,18,0,0,18,0,125,71,0.0,0
2026-01-04,D01_PHU_MY,40HC,122,36,38,0,0,38,0,120,102,0.0,0
2026-01-04,D02_CAI_MEP,20GP,87,8,11,0,0,11,0,84,65,0.0,0
2026-01-04,D02_CAI_MEP,40GP,114,13,24,0,0,24,0,103,85,0.0,0
2026-01-04,D02_CAI_MEP,40HC,145,32,23,0,0,23,0,154,78,0.0,0
2026-01-04,D03_LONG_SON,20GP,119,18,22,0,24,22,0,91,63,0.0,0
2026-01-04,D03_LONG_SON,40GP,105,20,20,0,0,20,0,105,71,0.0,0
2026-01-04,D03_LONG_SON,40HC,76,22,25,0,0,25,0,73,69,0.0,0
2026-01-05,D01_PHU_MY,20GP,117,23,27,0,0,27,0,113,73,0.0,0
2026-01-05,D01_PHU_MY,40GP,125,35,33,0,0,33,0,127,71,0.0,0
2026-01-05,D01_PHU_MY,40HC,120,31,31,85,0,31,0,205,102,0.0,0
2026-01-05,D02_CAI_MEP,20GP,84,21,26,0,0,26,0,79,65,0.0,0
2026-01-05,D02_CAI_MEP,40GP,103,31,28,0,0,28,0,106,85,0.0,0
2026-01-05,D02_CAI_MEP,40HC,154,42,23,0,85,23,0,88,78,0.0,0
2026-01-05,D03_LONG_SON,20GP,91,27,18,0,0,18,0,100,63,0.0,0
2026-01-05,D03_LONG_SON,40GP,105,28,29,0,0,29,0,104,71,0.0,0
2026-01-05,D03_LONG_SON,40HC,73,23,27,0,0,27,0,69,69,0.0,0
2026-01-06,D01_PHU_MY,20GP,113,17,26,0,0,26,0,104,73,0.0,0
2026-01-06,D01_PHU_MY,40GP,127,34,27,0,0,27,0,134,71,0.0,0
2026-01-06,D01_PHU_MY,40HC,205,36,41,0,0,41,0,200,102,0.0,0
2026-01-06,D02_CAI_MEP,20GP,79,22,25,0,0,25,0,76,65,0.0,0
2026-01-06,D02_CAI_MEP,40GP,106,36,30,0,0,30,0,112,85,0.0,0
2026-01-06,D02_CAI_MEP,40HC,88,26,36,0,0,36,0,78,78,0.0,0
2026-01-06,D03_LONG_SON,20GP,100,30,24,0,0,24,0,106,63,0.0,0
2026-01-06,D03_LONG_SON,40GP,104,27,19,0,0,19,0,112,71,0.0,0
2026-01-06,D03_LONG_SON,40HC,69,18,22,0,0,22,0,65,69,4.0,0
2026-01-07,D01_PHU_MY,20GP,104,27,26,0,0,26,0,105,73,0.0,0
2026-01-07,D01_PHU_MY,40GP,134,41,26,0,0,26,0,149,71,0.0,0
2026-01-07,D01_PHU_MY,40HC,200,30,38,4,0,38,0,196,102,0.0,0
2026-01-07,D02_CAI_MEP,20GP,76,17,22,0,0,22,0,71,65,0.0,0
2026-01-07,D02_CAI_MEP,40GP,112,23,39,0,0,39,0,96,85,0.0,0
2026-01-07,D02_CAI_MEP,40HC,78,35,31,0,4,31,0,78,78,0.0,0
2026-01-07,D03_LONG_SON,20GP,106,25,18,0,0,18,0,113,63,0.0,0
2026-01-07,D03_LONG_SON,40GP,112,17,30,0,0,30,0,99,71,0.0,0
2026-01-07,D03_LONG_SON,40HC,65,29,27,0,0,27,0,67,69,2.0,0
2026-01-08,D01_PHU_MY,20GP,105,16,26,0,0,26,0,95,73,0.0,0
2026-01-08,D01_PHU_MY,40GP,149,35,34,0,0,34,0,150,71,0.0,0
2026-01-08,D01_PHU_MY,40HC,196,24,34,6,0,34,0,192,102,0.0,0
2026-01-08,D02_CAI_MEP,20GP,71,27,27,0,0,27,0,71,65,0.0,0
2026-01-08,D02_CAI_MEP,40GP,96,36,27,0,0,27,0,105,85,0.0,0
2026-01-08,D02_CAI_MEP,40HC,78,36,30,0,6,30,0,78,78,0.0,0
2026-01-08,D03_LONG_SON,20GP,113,25,22,0,0,22,0,116,63,0.0,0
2026-01-08,D03_LONG_SON,40GP,99,35,33,0,0,33,0,101,71,0.0,0
2026-01-08,D03_LONG_SON,40HC,67,39,31,0,0,31,0,75,69,0.0,0
2026-01-09,D01_PHU_MY,20GP,95,24,30,0,0,30,0,89,73,0.0,0
2026-01-09,D01_PHU_MY,40GP,150,27,28,0,0,28,0,149,71,0.0,0
2026-01-09,D01_PHU_MY,40HC,192,34,41,0,0,41,0,185,102,0.0,0
2026-01-09,D02_CAI_MEP,20GP,71,40,22,0,0,22,0,89,65,0.0,0
2026-01-09,D02_CAI_MEP,40GP,105,34,23,0,0,23,0,116,85,0.0,0
2026-01-09,D02_CAI_MEP,40HC,78,29,27,0,0,27,0,80,78,0.0,0
2026-01-09,D03_LONG_SON,20GP,116,29,20,0,0,20,0,125,63,0.0,0
2026-01-09,D03_LONG_SON,40GP,101,31,33,0,0,33,0,99,71,0.0,0
2026-01-09,D03_LONG_SON,40HC,75,33,21,0,0,21,0,87,69,0.0,0
2026-01-10,D01_PHU_MY,20GP,89,22,15,0,0,15,0,96,73,0.0,0
2026-01-10,D01_PHU_MY,40GP,149,30,20,0,0,20,0,159,71,0.0,0
2026-01-10,D01_PHU_MY,40HC,185,29,26,13,0,26,0,201,102,0.0,0
2026-01-10,D02_CAI_MEP,20GP,89,20,16,0,0,16,0,93,65,0.0,0
2026-01-10,D02_CAI_MEP,40GP,116,20,18,0,0,18,0,118,85,0.0,0
2026-01-10,D02_CAI_MEP,40HC,80,29,18,0,13,18,0,78,78,0.0,0
2026-01-10,D03_LONG_SON,20GP,125,27,20,0,0,20,0,132,63,0.0,0
2026-01-10,D03_LONG_SON,40GP,99,33,31,0,0,31,0,101,71,0.0,0
2026-01-10,D03_LONG_SON,40HC,87,27,28,0,0,28,0,86,69,0.0,0
2026-01-11,D01_PHU_MY,20GP,96,13,19,0,0,19,0,90,73,0.0,0
2026-01-11,D01_PHU_MY,40GP,159,19,24,0,0,24,0,154,71,0.0,0
2026-01-11,D01_PHU_MY,40HC,201,20,33,0,0,33,0,188,102,0.0,0
2026-01-11,D02_CAI_MEP,20GP,93,12,20,0,0,20,0,85,65,0.0,0
2026-01-11,D02_CAI_MEP,40GP,118,24,24,0,0,24,0,118,85,0.0,0
2026-01-11,D02_CAI_MEP,40HC,78,30,14,0,0,14,0,94,78,0.0,0
2026-01-11,D03_LONG_SON,20GP,132,23,15,0,0,15,0,140,63,0.0,0
2026-01-11,D03_LONG_SON,40GP,101,11,15,0,0,15,0,97,71,0.0,0
2026-01-11,D03_LONG_SON,40HC,86,26,24,0,0,24,0,88,69,0.0,0
2026-01-12,D01_PHU_MY,20GP,90,23,36,0,0,36,0,77,73,0.0,0
2026-01-12,D01_PHU_MY,40GP,154,37,33,0,0,33,0,158,71,0.0,0
2026-01-12,D01_PHU_MY,40HC,188,32,26,0,0,26,0,194,102,0.0,0
2026-01-12,D02_CAI_MEP,20GP,85,24,23,0,0,23,0,86,65,0.0,0
2026-01-12,D02_CAI_MEP,40GP,118,20,34,0,0,34,0,104,85,0.0,0
2026-01-12,D02_CAI_MEP,40HC,94,44,33,0,0,33,0,105,78,0.0,0
2026-01-12,D03_LONG_SON,20GP,140,33,31,0,0,31,0,142,63,0.0,0
2026-01-12,D03_LONG_SON,40GP,97,27,31,0,0,31,0,93,71,0.0,0
2026-01-12,D03_LONG_SON,40HC,88,21,34,0,0,34,0,75,69,0.0,0
2026-01-13,D01_PHU_MY,20GP,77,22,24,0,0,24,0,75,73,0.0,0
2026-01-13,D01_PHU_MY,40GP,158,27,22,0,0,22,0,163,71,0.0,0
2026-01-13,D01_PHU_MY,40HC,194,31,34,0,0,34,0,191,102,0.0,0
2026-01-13,D02_CAI_MEP,20GP,86,16,24,0,0,24,0,78,65,0.0,0
2026-01-13,D02_CAI_MEP,40GP,104,20,31,0,0,31,0,93,85,0.0,0
2026-01-13,D02_CAI_MEP,40HC,105,34,34,0,0,34,0,105,78,0.0,0
2026-01-13,D03_LONG_SON,20GP,142,28,23,0,0,23,0,147,63,0.0,0
2026-01-13,D03_LONG_SON,40GP,93,30,39,0,0,39,0,84,71,0.0,0
2026-01-13,D03_LONG_SON,40HC,75,26,40,0,0,40,0,61,69,8.0,0
2026-01-14,D01_PHU_MY,20GP,75,25,21,0,0,21,0,79,73,0.0,0
2026-01-14,D01_PHU_MY,40GP,163,36,25,0,0,25,0,174,71,0.0,0
2026-01-14,D01_PHU_MY,40HC,191,24,32,0,0,32,0,183,102,0.0,0
2026-01-14,D02_CAI_MEP,20GP,78,25,24,0,0,24,0,79,65,0.0,0
2026-01-14,D02_CAI_MEP,40GP,93,21,25,0,0,25,0,89,85,0.0,0
2026-01-14,D02_CAI_MEP,40HC,105,33,36,0,0,36,0,102,78,0.0,0
2026-01-14,D03_LONG_SON,20GP,147,28,26,0,0,26,0,149,63,0.0,0
2026-01-14,D03_LONG_SON,40GP,84,27,15,0,0,15,0,96,71,0.0,0
2026-01-14,D03_LONG_SON,40HC,61,30,19,0,0,19,0,72,69,0.0,0
2026-01-15,D01_PHU_MY,20GP,79,19,25,0,0,25,0,73,73,0.0,0
2026-01-15,D01_PHU_MY,40GP,174,29,24,0,0,24,0,179,71,0.0,0
2026-01-15,D01_PHU_MY,40HC,183,32,39,0,0,39,0,176,102,0.0,0
2026-01-15,D02_CAI_MEP,20GP,79,17,24,0,0,24,0,72,65,0.0,0
2026-01-15,D02_CAI_MEP,40GP,89,20,24,0,0,24,0,85,85,0.0,0
2026-01-15,D02_CAI_MEP,40HC,102,27,28,0,0,28,0,101,78,0.0,0
2026-01-15,D03_LONG_SON,20GP,149,31,20,0,0,20,0,160,63,0.0,0
2026-01-15,D03_LONG_SON,40GP,96,34,27,0,0,27,0,103,71,0.0,0
2026-01-15,D03_LONG_SON,40HC,72,39,34,0,0,34,0,77,69,0.0,0
2026-01-16,D01_PHU_MY,20GP,73,23,21,0,0,21,0,75,73,0.0,0
2026-01-16,D01_PHU_MY,40GP,179,34,26,0,0,26,0,187,71,0.0,0
2026-01-16,D01_PHU_MY,40HC,176,18,34,0,0,34,0,160,102,0.0,0
2026-01-16,D02_CAI_MEP,20GP,72,25,26,0,0,26,0,71,65,0.0,0
2026-01-16,D02_CAI_MEP,40GP,85,32,28,0,0,28,0,89,85,0.0,0
2026-01-16,D02_CAI_MEP,40HC,101,31,26,0,0,26,0,106,78,0.0,0
2026-01-16,D03_LONG_SON,20GP,160,27,26,0,0,26,0,161,63,0.0,0
2026-01-16,D03_LONG_SON,40GP,103,31,24,0,0,24,0,110,71,0.0,0
2026-01-16,D03_LONG_SON,40HC,77,23,25,0,0,25,0,75,69,0.0,0
2026-01-17,D01_PHU_MY,20GP,75,21,20,0,0,20,0,76,73,0.0,0
2026-01-17,D01_PHU_MY,40GP,187,29,26,0,0,26,0,190,71,0.0,0
2026-01-17,D01_PHU_MY,40HC,160,27,35,0,0,35,0,152,102,0.0,0
2026-01-17,D02_CAI_MEP,20GP,71,16,13,0,0,13,0,74,65,0.0,0
2026-01-17,D02_CAI_MEP,40GP,89,19,21,0,0,21,0,87,85,0.0,0
2026-01-17,D02_CAI_MEP,40HC,106,30,26,0,0,26,0,110,78,0.0,0
2026-01-17,D03_LONG_SON,20GP,161,30,22,0,0,22,0,169,63,0.0,0
2026-01-17,D03_LONG_SON,40GP,110,26,22,0,0,22,0,114,71,0.0,0
2026-01-17,D03_LONG_SON,40HC,75,33,26,0,0,26,0,82,69,0.0,0
2026-01-18,D01_PHU_MY,20GP,76,16,20,3,0,20,0,75,73,0.0,0
2026-01-18,D01_PHU_MY,40GP,190,24,27,0,4,27,0,183,71,0.0,0
2026-01-18,D01_PHU_MY,40HC,152,10,25,0,0,25,0,137,102,0.0,0
2026-01-18,D02_CAI_MEP,20GP,74,14,8,0,0,8,0,80,65,0.0,0
2026-01-18,D02_CAI_MEP,40GP,87,21,24,4,0,24,0,88,85,0.0,0
2026-01-18,D02_CAI_MEP,40HC,110,20,21,0,0,21,0,109,78,0.0,0
2026-01-18,D03_LONG_SON,20GP,169,9,12,0,3,12,0,163,63,0.0,0
2026-01-18,D03_LONG_SON,40GP,114,23,15,0,0,15,0,122,71,0.0,0
2026-01-18,D03_LONG_SON,40HC,82,21,19,0,0,19,0,84,69,0.0,0
2026-01-19,D01_PHU_MY,20GP,75,27,23,0,0,23,0,79,73,0.0,0
2026-01-19,D01_PHU_MY,40GP,183,33,22,0,0,22,0,194,71,0.0,0
2026-01-19,D01_PHU_MY,40HC,137,19,29,0,0,29,0,127,102,0.0,0
2026-01-19,D02_CAI_MEP,20GP,80,25,16,0,0,16,0,89,65,0.0,0
2026-01-19,D02_CAI_MEP,40GP,88,22,25,0,0,25,0,85,85,0.0,0
2026-01-19,D02_CAI_MEP,40HC,109,27,25,0,0,25,0,111,78,0.0,0
2026-01-19,D03_LONG_SON,20GP,163,19,26,0,0,26,0,156,63,0.0,0
2026-01-19,D03_LONG_SON,40GP,122,22,25,0,0,25,0,119,71,0.0,0
2026-01-19,D03_LONG_SON,40HC,84,20,22,0,0,22,0,82,69,0.0,0
2026-01-20,D01_PHU_MY,20GP,79,17,23,0,0,23,0,73,73,0.0,0
2026-01-20,D01_PHU_MY,40GP,194,25,26,0,67,26,0,126,71,0.0,0
2026-01-20,D01_PHU_MY,40HC,127,27,36,35,0,36,0,153,102,0.0,0
2026-01-20,D02_CAI_MEP,20GP,89,18,23,0,0,23,0,84,65,0.0,0
2026-01-20,D02_CAI_MEP,40GP,85,17,36,67,0,36,0,133,85,0.0,0
2026-01-20,D02_CAI_MEP,40HC,111,35,33,0,35,33,0,78,78,0.0,0
2026-01-20,D03_LONG_SON,20GP,156,30,27,0,0,27,0,159,63,0.0,0
2026-01-20,D03_LONG_SON,40GP,119,22,21,0,0,21,0,120,71,0.0,0
2026-01-20,D03_LONG_SON,40HC,82,29,18,0,0,18,0,93,69,0.0,0
2026-01-21,D01_PHU_MY,20GP,73,31,21,0,0,21,0,83,73,0.0,0
2026-01-21,D01_PHU_MY,40GP,126,43,19,0,0,19,0,150,71,0.0,0
2026-01-21,D01_PHU_MY,40HC,153,30,36,0,0,36,0,147,102,0.0,0
2026-01-21,D02_CAI_MEP,20GP,84,25,27,0,0,27,0,82,65,0.0,0
2026-01-21,D02_CAI_MEP,40GP,133,22,35,0,0,35,0,120,85,0.0,0
2026-01-21,D02_CAI_MEP,40HC,78,40,27,0,0,27,0,91,78,0.0,0
2026-01-21,D03_LONG_SON,20GP,159,24,24,0,0,24,0,159,63,0.0,0
2026-01-21,D03_LONG_SON,40GP,120,26,25,0,0,25,0,121,71,0.0,0
2026-01-21,D03_LONG_SON,40HC,93,27,25,0,0,25,0,95,69,0.0,0
2026-01-22,D01_PHU_MY,20GP,83,28,30,3,0,30,0,84,73,0.0,0
2026-01-22,D01_PHU_MY,40GP,150,36,27,0,0,27,0,159,71,0.0,0
2026-01-22,D01_PHU_MY,40HC,147,18,37,0,0,37,0,128,102,0.0,0
2026-01-22,D02_CAI_MEP,20GP,82,16,18,0,0,18,0,80,65,0.0,0
2026-01-22,D02_CAI_MEP,40GP,120,16,25,0,0,25,0,111,85,0.0,0
2026-01-22,D02_CAI_MEP,40HC,91,30,31,0,0,31,0,90,78,0.0,0
2026-01-22,D03_LONG_SON,20GP,159,33,14,0,3,14,0,175,63,0.0,0
2026-01-22,D03_LONG_SON,40GP,121,23,21,0,0,21,0,123,71,0.0,0
2026-01-22,D03_LONG_SON,40HC,95,15,21,0,0,21,0,89,69,0.0,0
2026-01-23,D01_PHU_MY,20GP,84,19,30,0,0,30,0,73,73,0.0,0
2026-01-23,D01_PHU_MY,40GP,159,35,25,0,0,25,0,169,71,0.0,0
2026-01-23,D01_PHU_MY,40HC,128,27,38,0,0,38,0,117,102,0.0,0
2026-01-23,D02_CAI_MEP,20GP,80,27,20,0,0,20,0,87,65,0.0,0
2026-01-23,D02_CAI_MEP,40GP,111,23,34,0,0,34,0,100,85,0.0,0
2026-01-23,D02_CAI_MEP,40HC,90,30,30,0,0,30,0,90,78,0.0,0
2026-01-23,D03_LONG_SON,20GP,175,29,22,0,0,22,0,182,63,0.0,0
2026-01-23,D03_LONG_SON,40GP,123,18,17,0,0,17,0,124,71,0.0,0
2026-01-23,D03_LONG_SON,40HC,89,15,26,0,0,26,0,78,69,0.0,0
2026-01-24,D01_PHU_MY,20GP,73,18,22,127,0,22,0,196,73,0.0,0
2026-01-24,D01_PHU_MY,40GP,169,23,19,0,0,19,0,173,71,0.0,0
2026-01-24,D01_PHU_MY,40HC,117,22,26,26,0,26,0,139,102,0.0,0
2026-01-24,D02_CAI_MEP,20GP,87,15,25,0,0,25,0,77,65,0.0,0
2026-01-24,D02_CAI_MEP,40GP,100,20,23,0,0,23,0,97,85,0.0,0
2026-01-24,D02_CAI_MEP,40HC,90,32,18,0,26,18,0,78,78,0.0,0
2026-01-24,D03_LONG_SON,20GP,182,21,13,0,127,13,0,63,63,0.0,0
2026-01-24,D03_LONG_SON,40GP,124,19,23,0,0,23,0,120,71,0.0,0
2026-01-24,D03_LONG_SON,40HC,78,16,20,0,0,20,0,74,69,0.0,0
2026-01-25,D01_PHU_MY,20GP,196,11,14,1,0,14,0,194,73,0.0,0
2026-01-25,D01_PHU_MY,40GP,173,23,16,0,0,16,0,180,71,0.0,0
2026-01-25,D01_PHU_MY,40HC,139,21,19,9,0,19,0,150,102,0.0,0
2026-01-25,D02_CAI_MEP,20GP,77,8,19,0,0,19,0,66,65,0.0,0
2026-01-25,D02_CAI_MEP,40GP,97,21,17,0,0,17,0,101,85,0.0,0
2026-01-25,D02_CAI_MEP,40HC,78,23,14,0,9,14,0,78,78,0.0,0
2026-01-25,D03_LONG_SON,20GP,63,10,9,0,1,9,0,63,63,0.0,0
2026-01-25,D03_LONG_SON,40GP,120,7,19,0,0,19,0,108,71,0.0,0
2026-01-25,D03_LONG_SON,40HC,74,21,19,0,0,19,0,76,69,0.0,0
2026-01-26,D01_PHU_MY,20GP,194,19,21,0,0,21,0,192,73,0.0,0
2026-01-26,D01_PHU_MY,40GP,180,27,28,0,0,28,0,179,71,0.0,0
2026-01-26,D01_PHU_MY,40HC,150,28,36,0,0,36,0,142,102,0.0,0
2026-01-26,D02_CAI_MEP,20GP,66,19,29,0,0,29,0,56,65,9.0,0
2026-01-26,D02_CAI_MEP,40GP,101,15,31,0,0,31,0,85,85,0.0,0
2026-01-26,D02_CAI_MEP,40HC,78,42,16,0,0,16,0,104,78,0.0,0
2026-01-26,D03_LONG_SON,20GP,63,21,14,0,0,14,0,70,63,0.0,0
2026-01-26,D03_LONG_SON,40GP,108,29,20,0,0,20,0,117,71,0.0,0
2026-01-26,D03_LONG_SON,40HC,76,18,25,0,0,25,0,69,69,0.0,0
2026-01-27,D01_PHU_MY,20GP,192,16,28,0,0,28,0,180,73,0.0,0
2026-01-27,D01_PHU_MY,40GP,179,37,20,0,15,20,0,181,71,0.0,0
2026-01-27,D01_PHU_MY,40HC,142,20,43,37,0,43,0,156,102,0.0,0
2026-01-27,D02_CAI_MEP,20GP,56,26,23,0,0,23,0,59,65,6.0,0
2026-01-27,D02_CAI_MEP,40GP,85,14,28,15,0,28,0,86,85,0.0,0
2026-01-27,D02_CAI_MEP,40HC,104,35,22,0,37,22,0,80,78,0.0,0
2026-01-27,D03_LONG_SON,20GP,70,28,16,0,0,16,0,82,63,0.0,0
2026-01-27,D03_LONG_SON,40GP,117,26,20,0,0,20,0,123,71,0.0,0
2026-01-27,D03_LONG_SON,40HC,69,26,32,0,0,32,0,63,69,6.0,0
2026-01-28,D01_PHU_MY,20GP,180,20,21,0,0,21,0,179,73,0.0,0
2026-01-28,D01_PHU_MY,40GP,181,36,23,0,0,23,0,194,71,0.0,0
2026-01-28,D01_PHU_MY,40HC,156,34,42,0,0,42,0,148,102,0.0,0
2026-01-28,D02_CAI_MEP,20GP,59,21,21,0,0,21,0,59,65,6.0,0
2026-01-28,D02_CAI_MEP,40GP,86,30,31,0,0,31,0,85,85,0.0,0
2026-01-28,D02_CAI_MEP,40HC,80,29,31,0,0,31,0,78,78,0.0,0
2026-01-28,D03_LONG_SON,20GP,82,29,24,0,0,24,0,87,63,0.0,0
2026-01-28,D03_LONG_SON,40GP,123,22,31,0,0,31,0,114,71,0.0,0
2026-01-28,D03_LONG_SON,40HC,63,21,26,0,0,26,0,58,69,11.0,0
2026-01-29,D01_PHU_MY,20GP,179,19,27,0,0,27,0,171,73,0.0,0
2026-01-29,D01_PHU_MY,40GP,194,27,25,0,14,25,0,182,71,0.0,0
2026-01-29,D01_PHU_MY,40HC,148,33,26,0,0,26,0,155,102,0.0,0
2026-01-29,D02_CAI_MEP,20GP,59,31,22,0,0,22,0,68,65,0.0,0
2026-01-29,D02_CAI_MEP,40GP,85,20,17,14,0,17,0,102,85,0.0,0
2026-01-29,D02_CAI_MEP,40HC,78,37,33,0,0,33,0,82,78,0.0,0
2026-01-29,D03_LONG_SON,20GP,87,28,16,0,0,16,0,99,63,0.0,0
2026-01-29,D03_LONG_SON,40GP,114,21,33,0,0,33,0,102,71,0.0,0
2026-01-29,D03_LONG_SON,40HC,58,27,24,0,0,24,0,61,69,8.0,0
2026-01-30,D01_PHU_MY,20GP,171,20,24,0,0,24,0,167,73,0.0,0
2026-01-30,D01_PHU_MY,40GP,182,37,23,0,0,23,0,196,71,0.0,0
2026-01-30,D01_PHU_MY,40HC,155,28,31,17,0,31,0,169,102,0.0,0
2026-01-30,D02_CAI_MEP,20GP,68,24,27,0,0,27,0,65,65,0.0,0
2026-01-30,D02_CAI_MEP,40GP,102,19,36,0,0,36,0,85,85,0.0,0
2026-01-30,D02_CAI_MEP,40HC,82,34,20,0,17,20,0,79,78,0.0,0
2026-01-30,D03_LONG_SON,20GP,99,31,16,0,0,16,0,114,63,0.0,0
2026-01-30,D03_LONG_SON,40GP,102,31,31,0,0,31,0,102,71,0.0,0
2026-01-30,D03_LONG_SON,40HC,61,28,28,0,0,28,0,61,69,8.0,0
2026-01-31,D01_PHU_MY,20GP,167,19,26,48,0,26,0,208,73,0.0,0
2026-01-31,D01_PHU_MY,40GP,196,30,12,0,66,12,0,148,71,0.0,0
2026-01-31,D01_PHU_MY,40HC,169,31,22,0,0,22,0,178,102,0.0,0
2026-01-31,D02_CAI_MEP,20GP,65,27,21,0,0,21,0,71,65,0.0,0
2026-01-31,D02_CAI_MEP,40GP,85,21,29,66,0,29,0,143,85,0.0,0
2026-01-31,D02_CAI_MEP,40HC,79,28,26,0,0,26,0,81,78,0.0,0
2026-01-31,D03_LONG_SON,20GP,114,22,25,0,48,25,0,63,63,0.0,0
2026-01-31,D03_LONG_SON,40GP,102,23,24,0,0,24,0,101,71,0.0,0
2026-01-31,D03_LONG_SON,40HC,61,19,28,0,0,28,0,52,69,17.0,0
2026-02-01,D01_PHU_MY,20GP,208,21,12,0,0,12,0,217,73,0.0,0
2026-02-01,D01_PHU_MY,40GP,148,23,15,0,0,15,0,156,71,0.0,0
2026-02-01,D01_PHU_MY,40HC,178,27,22,0,0,22,0,183,102,0.0,0
2026-02-01,D02_CAI_MEP,20GP,71,17,15,0,0,15,0,73,65,0.0,0
2026-02-01,D02_CAI_MEP,40GP,143,21,19,0,0,19,0,145,85,0.0,0
2026-02-01,D02_CAI_MEP,40HC,81,21,24,0,0,24,0,78,78,0.0,0
2026-02-01,D03_LONG_SON,20GP,63,22,16,0,0,16,0,69,63,0.0,0
2026-02-01,D03_LONG_SON,40GP,101,18,21,0,0,21,0,98,71,0.0,0
2026-02-01,D03_LONG_SON,40HC,52,22,21,0,0,21,0,53,69,16.0,0
2026-02-02,D01_PHU_MY,20GP,217,26,35,0,0,35,0,208,73,0.0,0
2026-02-02,D01_PHU_MY,40GP,156,33,26,0,0,26,0,163,71,0.0,0
2026-02-02,D01_PHU_MY,40HC,183,32,35,0,0,35,0,180,102,0.0,0
2026-02-02,D02_CAI_MEP,20GP,73,21,18,0,0,18,0,76,65,0.0,0
2026-02-02,D02_CAI_MEP,40GP,145,20,44,0,0,44,0,121,85,0.0,0
2026-02-02,D02_CAI_MEP,40HC,78,39,31,0,0,31,0,86,78,0.0,0
2026-02-02,D03_LONG_SON,20GP,69,29,34,0,0,34,0,64,63,0.0,0
2026-02-02,D03_LONG_SON,40GP,98,21,21,0,0,21,0,98,71,0.0,0
2026-02-02,D03_LONG_SON,40HC,53,25,21,0,0,21,0,57,69,12.0,0
2026-02-03,D01_PHU_MY,20GP,208,24,25,0,0,25,0,207,73,0.0,0
2026-02-03,D01_PHU_MY,40GP,163,36,23,0,0,23,0,176,71,0.0,0
2026-02-03,D01_PHU_MY,40HC,180,32,45,6,0,45,0,173,102,0.0,0
2026-02-03,D02_CAI_MEP,20GP,76,29,30,0,0,30,0,75,65,0.0,0
2026-02-03,D02_CAI_MEP,40GP,121,28,36,0,0,36,0,113,85,0.0,0
2026-02-03,D02_CAI_MEP,40HC,86,28,28,0,6,28,0,80,78,0.0,0
2026-02-03,D03_LONG_SON,20GP,64,28,22,0,0,22,0,70,63,0.0,0
2026-02-03,D03_LONG_SON,40GP,98,29,26,0,0,26,0,101,71,0.0,0
2026-02-03,D03_LONG_SON,40HC,57,29,30,0,0,30,0,56,69,13.0,0
2026-02-04,D01_PHU_MY,20GP,207,29,22,0,0,22,0,214,73,0.0,0
2026-02-04,D01_PHU_MY,40GP,176,29,31,0,0,31,0,174,71,0.0,0
2026-02-04,D01_PHU_MY,40HC,173,37,38,0,0,38,0,172,102,0.0,0
2026-02-04,D02_CAI_MEP,20GP,75,26,26,0,0,26,0,75,65,0.0,0
2026-02-04,D02_CAI_MEP,40GP,113,22,29,0,0,29,0,106,85,0.0,0
2026-02-04,D02_CAI_MEP,40HC,80,37,39,0,0,39,0,78,78,0.0,0
2026-02-04,D03_LONG_SON,20GP,70,26,21,0,0,21,0,75,63,0.0,0
2026-02-04,D03_LONG_SON,40GP,101,26,24,0,0,24,0,103,71,0.0,0
2026-02-04,D03_LONG_SON,40HC,56,28,22,0,0,22,0,62,69,7.0,0
2026-02-05,D01_PHU_MY,20GP,214,14,21,0,0,21,0,207,73,0.0,0
2026-02-05,D01_PHU_MY,40GP,174,42,35,0,0,35,0,181,71,0.0,0
2026-02-05,D01_PHU_MY,40HC,172,41,28,0,0,28,0,185,102,0.0,0
2026-02-05,D02_CAI_MEP,20GP,75,28,23,0,0,23,0,80,65,0.0,0
2026-02-05,D02_CAI_MEP,40GP,106,22,35,0,0,35,0,93,85,0.0,0
2026-02-05,D02_CAI_MEP,40HC,78,42,34,0,0,34,0,86,78,0.0,0
2026-02-05,D03_LONG_SON,20GP,75,26,25,0,0,25,0,76,63,0.0,0
2026-02-05,D03_LONG_SON,40GP,103,29,18,0,0,18,0,114,71,0.0,0
2026-02-05,D03_LONG_SON,40HC,62,30,30,0,0,30,0,62,69,7.0,0
2026-02-06,D01_PHU_MY,20GP,207,21,29,0,0,29,0,199,73,0.0,0
2026-02-06,D01_PHU_MY,40GP,181,36,17,0,0,17,0,200,71,0.0,0
2026-02-06,D01_PHU_MY,40HC,185,24,39,0,0,39,0,170,102,0.0,0
2026-02-06,D02_CAI_MEP,20GP,80,19,23,0,0,23,0,76,65,0.0,0
2026-02-06,D02_CAI_MEP,40GP,93,17,25,0,0,25,0,85,85,0.0,0
2026-02-06,D02_CAI_MEP,40HC,86,43,21,0,0,21,0,108,78,0.0,0
2026-02-06,D03_LONG_SON,20GP,76,24,26,0,0,26,0,74,63,0.0,0
2026-02-06,D03_LONG_SON,40GP,114,29,27,0,0,27,0,116,71,0.0,0
2026-02-06,D03_LONG_SON,40HC,62,32,23,0,0,23,0,71,69,0.0,0
2026-02-07,D01_PHU_MY,20GP,199,18,23,0,0,23,0,194,73,0.0,0
2026-02-07,D01_PHU_MY,40GP,200,33,27,0,135,27,0,71,71,0.0,0
2026-02-07,D01_PHU_MY,40HC,170,23,29,0,0,29,0,164,102,0.0,0
2026-02-07,D02_CAI_MEP,20GP,76,21,21,0,0,21,0,76,65,0.0,0
2026-02-07,D02_CAI_MEP,40GP,85,17,25,135,0,25,0,212,85,0.0,0
2026-02-07,D02_CAI_MEP,40HC,108,44,22,0,0,22,0,130,78,0.0,0
2026-02-07,D03_LONG_SON,20GP,74,28,21,0,0,21,0,81,63,0.0,0
2026-02-07,D03_LONG_SON,40GP,116,35,19,0,0,19,0,132,71,0.0,0
2026-02-07,D03_LONG_SON,40HC,71,21,26,0,0,26,0,66,69,3.0,0
2026-02-08,D01_PHU_MY,20GP,194,25,26,0,0,26,0,193,73,0.0,0
2026-02-08,D01_PHU_MY,40GP,71,28,21,0,0,21,0,78,71,0.0,0
2026-02-08,D01_PHU_MY,40HC,164,18,29,0,0,29,0,153,102,0.0,0
2026-02-08,D02_CAI_MEP,20GP,76,13,11,0,0,11,0,78,65,0.0,0
2026-02-08,D02_CAI_MEP,40GP,212,19,28,0,0,28,0,203,85,0.0,0
2026-02-08,D02_CAI_MEP,40HC,130,30,24,0,0,24,0,136,78,0.0,0
2026-02-08,D03_LONG_SON,20GP,81,18,16,0,0,16,0,83,63,0.0,0
2026-02-08,D03_LONG_SON,40GP,132,21,17,0,0,17,0,136,71,0.0,0
2026-02-08,D03_LONG_SON,40HC,66,15,21,0,0,21,0,60,69,9.0,0
2026-02-09,D01_PHU_MY,20GP,193,19,39,0,0,39,0,173,73,0.0,0
2026-02-09,D01_PHU_MY,40GP,78,28,27,0,0,27,0,79,71,0.0,0
2026-02-09,D01_PHU_MY,40HC,153,27,42,0,0,42,0,138,102,0.0,0
2026-02-09,D02_CAI_MEP,20GP,78,27,24,0,0,24,0,81,65,0.0,0
2026-02-09,D02_CAI_MEP,40GP,203,23,36,0,0,36,0,190,85,0.0,0
2026-02-09,D02_CAI_MEP,40HC,136,34,32,0,0,32,0,138,78,0.0,0
2026-02-09,D03_LONG_SON,20GP,83,29,21,0,0,21,0,91,63,0.0,0
2026-02-09,D03_LONG_SON,40GP,136,31,26,0,0,26,0,141,71,0.0,0
2026-02-09,D03_LONG_SON,40HC,60,29,18,0,0,18,0,71,69,0.0,0
2026-02-10,D01_PHU_MY,20GP,173,21,31,0,0,31,0,163,73,0.0,0
2026-02-10,D01_PHU_MY,40GP,79,29,24,0,0,24,0,84,71,0.0,0
2026-02-10,D01_PHU_MY,40HC,138,35,48,0,0,48,0,125,102,0.0,0
2026-02-10,D02_CAI_MEP,20GP,81,24,24,0,0,24,0,81,65,0.0,0
2026-02-10,D02_CAI_MEP,40GP,190,26,23,0,0,23,0,193,85,0.0,0
2026-02-10,D02_CAI_MEP,40HC,138,31,35,0,0,35,0,134,78,0.0,0
2026-02-10,D03_LONG_SON,20GP,91,24,18,0,0,18,0,97,63,0.0,0
2026-02-10,D03_LONG_SON,40GP,141,22,25,0,0,25,0,138,71,0.0,0
2026-02-10,D03_LONG_SON,40HC,71,29,22,0,0,22,0,78,69,0.0,0
2026-02-11,D01_PHU_MY,20GP,163,21,31,0,0,31,0,153,73,0.0,0
2026-02-11,D01_PHU_MY,40GP,84,32,24,0,0,24,0,92,71,0.0,0
2026-02-11,D01_PHU_MY,40HC,125,36,44,0,0,44,0,117,102,0.0,0
2026-02-11,D02_CAI_MEP,20GP,81,26,29,0,0,29,0,78,65,0.0,0
2026-02-11,D02_CAI_MEP,40GP,193,30,37,0,0,37,0,186,85,0.0,0
2026-02-11,D02_CAI_MEP,40HC,134,38,23,0,0,23,0,149,78,0.0,0
2026-02-11,D03_LONG_SON,20GP,97,28,26,0,0,26,0,99,63,0.0,0
2026-02-11,D03_LONG_SON,40GP,138,29,23,0,0,23,0,144,71,0.0,0
2026-02-11,D03_LONG_SON,40HC,78,26,21,0,0,21,0,83,69,0.0,0
2026-02-12,D01_PHU_MY,20GP,153,23,27,43,0,27,0,192,73,0.0,0
2026-02-12,D01_PHU_MY,40GP,92,43,20,0,0,20,0,115,71,0.0,0
2026-02-12,D01_PHU_MY,40HC,117,45,45,0,0,45,0,117,102,0.0,0
2026-02-12,D02_CAI_MEP,20GP,78,26,31,0,0,31,0,73,65,0.0,0
2026-02-12,D02_CAI_MEP,40GP,186,21,20,0,0,20,0,187,85,0.0,0
2026-02-12,D02_CAI_MEP,40HC,149,32,29,0,0,29,0,152,78,0.0,0
2026-02-12,D03_LONG_SON,20GP,99,30,23,0,43,23,0,63,63,0.0,0
2026-02-12,D03_LONG_SON,40GP,144,28,33,0,0,33,0,139,71,0.0,0
2026-02-12,D03_LONG_SON,40HC,83,19,24,0,0,24,0,78,69,0.0,0
2026-02-13,D01_PHU_MY,20GP,192,16,29,8,0,29,0,187,73,0.0,0
2026-02-13,D01_PHU_MY,40GP,115,39,28,0,0,28,0,126,71,0.0,0
2026-02-13,D01_PHU_MY,40HC,117,39,47,0,0,47,0,109,102,0.0,0
2026-02-13,D02_CAI_MEP,20GP,73,28,23,0,0,23,0,78,65,0.0,0
2026-02-13,D02_CAI_MEP,40GP,187,24,33,0,0,33,0,178,85,0.0,0
2026-02-13,D02_CAI_MEP,40HC,152,20,34,0,0,34,0,138,78,0.0,0
2026-02-13,D03_LONG_SON,20GP,63,32,22,0,8,22,0,65,63,0.0,0
2026-02-13,D03_LONG_SON,40GP,139,29,28,0,0,28,0,140,71,0.0,0
2026-02-13,D03_LONG_SON,40HC,78,22,21,0,0,21,0,79,69,0.0,0
2026-02-14,D01_PHU_MY,20GP,187,25,22,0,0,22,0,190,73,0.0,0
2026-02-14,D01_PHU_MY,40GP,126,27,26,0,0,26,0,127,71,0.0,0
2026-02-14,D01_PHU_MY,40HC,109,18,34,33,0,34,0,126,102,0.0,0
2026-02-14,D02_CAI_MEP,20GP,78,23,21,0,0,21,0,80,65,0.0,0
2026-02-14,D02_CAI_MEP,40GP,178,27,25,0,0,25,0,180,85,0.0,0
2026-02-14,D02_CAI_MEP,40HC,138,37,20,0,33,20,0,122,78,0.0,0
2026-02-14,D03_LONG_SON,20GP,65,25,18,0,0,18,0,72,63,0.0,0
2026-02-14,D03_LONG_SON,40GP,140,35,26,0,0,26,0,149,71,0.0,0
2026-02-14,D03_LONG_SON,40HC,79,23,23,0,0,23,0,79,69,0.0,0
2026-02-15,D01_PHU_MY,20GP,190,12,22,0,0,22,0,180,73,0.0,0
2026-02-15,D01_PHU_MY,40GP,127,20,18,0,0,18,0,129,71,0.0,0
2026-02-15,D01_PHU_MY,40HC,126,21,23,0,0,23,0,124,102,0.0,0
2026-02-15,D02_CAI_MEP,20GP,80,13,21,0,0,21,0,72,65,0.0,0
2026-02-15,D02_CAI_MEP,40GP,180,11,25,0,0,25,0,166,85,0.0,0
2026-02-15,D02_CAI_MEP,40HC,122,26,20,0,0,20,0,128,78,0.0,0
2026-02-15,D03_LONG_SON,20GP,72,10,19,0,0,19,0,63,63,0.0,0
2026-02-15,D03_LONG_SON,40GP,149,24,17,0,0,17,0,156,71,0.0,0
2026-02-15,D03_LONG_SON,40HC,79,21,18,0,0,18,0,82,69,0.0,0
2026-02-16,D01_PHU_MY,20GP,180,12,27,0,0,27,0,165,73,0.0,0
2026-02-16,D01_PHU_MY,40GP,129,35,24,0,0,24,0,140,71,0.0,0
2026-02-16,D01_PHU_MY,40HC,124,33,38,0,0,38,0,119,102,0.0,0
2026-02-16,D02_CAI_MEP,20GP,72,28,31,0,0,31,0,69,65,0.0,0
2026-02-16,D02_CAI_MEP,40GP,166,28,16,0,0,16,0,178,85,0.0,0
2026-02-16,D02_CAI_MEP,40HC,128,32,26,0,0,26,0,134,78,0.0,0
2026-02-16,D03_LONG_SON,20GP,63,29,16,0,0,16,0,76,63,0.0,0
2026-02-16,D03_LONG_SON,40GP,156,17,22,0,0,22,0,151,71,0.0,0
2026-02-16,D03_LONG_SON,40HC,82,24,17,0,0,17,0,89,69,0.0,0
2026-02-17,D01_PHU_MY,20GP,165,19,21,0,0,21,0,163,73,0.0,0
2026-02-17,D01_PHU_MY,40GP,140,29,34,0,0,34,0,135,71,0.0,0
2026-02-17,D01_PHU_MY,40HC,119,25,42,0,0,42,0,102,102,0.0,0
2026-02-17,D02_CAI_MEP,20GP,69,23,26,0,0,26,0,66,65,0.0,0
2026-02-17,D02_CAI_MEP,40GP,178,17,38,0,0,38,0,157,85,0.0,0
2026-02-17,D02_CAI_MEP,40HC,134,36,26,0,0,26,0,144,78,0.0,0
2026-02-17,D03_LONG_SON,20GP,76,17,19,0,0,19,0,74,63,0.0,0
2026-02-17,D03_LONG_SON,40GP,151,27,25,0,0,25,0,153,71,0.0,0
2026-02-17,D03_LONG_SON,40HC,89,27,16,0,0,16,0,100,69,0.0,0
2026-02-18,D01_PHU_MY,20GP,163,15,21,0,0,21,0,157,73,0.0,0
2026-02-18,D01_PHU_MY,40GP,135,33,20,0,0,20,0,148,71,0.0,0
2026-02-18,D01_PHU_MY,40HC,102,25,22,73,0,22,0,178,102,0.0,0
2026-02-18,D02_CAI_MEP,20GP,66,22,29,0,0,29,0,59,65,6.0,0
2026-02-18,D02_CAI_MEP,40GP,157,15,34,0,0,34,0,138,85,0.0,0
2026-02-18,D02_CAI_MEP,40HC,144,31,24,0,73,24,0,78,78,0.0,0
2026-02-18,D03_LONG_SON,20GP,74,29,20,0,0,20,0,83,63,0.0,0
2026-02-18,D03_LONG_SON,40GP,153,17,25,0,0,25,0,145,71,0.0,0
2026-02-18,D03_LONG_SON,40HC,100,25,18,0,0,18,0,107,69,0.0,0
2026-02-19,D01_PHU_MY,20GP,157,27,18,0,0,18,0,166,73,0.0,0
2026-02-19,D01_PHU_MY,40GP,148,30,21,0,0,21,0,157,71,0.0,0
2026-02-19,D01_PHU_MY,40HC,178,32,35,0,0,35,0,175,102,0.0,0
2026-02-19,D02_CAI_MEP,20GP,59,18,21,0,0,21,0,56,65,9.0,0
2026-02-19,D02_CAI_MEP,40GP,138,24,25,0,0,25,0,137,85,0.0,0
2026-02-19,D02_CAI_MEP,40HC,78,28,23,0,0,23,0,83,78,0.0,0
2026-02-19,D03_LONG_SON,20GP,83,28,26,0,0,26,0,85,63,0.0,0
2026-02-19,D03_LONG_SON,40GP,145,30,26,0,0,26,0,149,71,0.0,0
2026-02-19,D03_LONG_SON,40HC,107,23,14,0,0,14,0,116,69,0.0,0
2026-02-20,D01_PHU_MY,20GP,166,15,29,0,0,29,0,152,73,0.0,0
2026-02-20,D01_PHU_MY,40GP,157,28,19,0,0,19,0,166,71,0.0,0
2026-02-20,D01_PHU_MY,40HC,175,35,43,0,0,43,0,167,102,0.0,0
2026-02-20,D02_CAI_MEP,20GP,56,22,28,0,0,28,0,50,65,15.0,0
2026-02-20,D02_CAI_MEP,40GP,137,30,33,0,0,33,0,134,85,0.0,0
2026-02-20,D02_CAI_MEP,40HC,83,33,20,0,0,20,0,96,78,0.0,0
2026-02-20,D03_LONG_SON,20GP,85,19,21,0,0,21,0,83,63,0.0,0
2026-02-20,D03_LONG_SON,40GP,149,29,18,0,0,18,0,160,71,0.0,0
2026-02-20,D03_LONG_SON,40HC,116,25,14,0,0,14,0,127,69,0.0,0
2026-02-21,D01_PHU_MY,20GP,152,16,9,0,0,9,0,159,73,0.0,0
2026-02-21,D01_PHU_MY,40GP,166,18,20,0,0,20,0,164,71,0.0,0
2026-02-21,D01_PHU_MY,40HC,167,28,40,0,0,40,0,155,102,0.0,0
2026-02-21,D02_CAI_MEP,20GP,50,18,16,0,0,16,0,52,65,13.0,0
2026-02-21,D02_CAI_MEP,40GP,134,19,30,0,0,30,0,123,85,0.0,0
2026-02-21,D02_CAI_MEP,40HC,96,21,22,0,0,22,0,95,78,0.0,0
2026-02-21,D03_LONG_SON,20GP,83,14,24,0,0,24,0,73,63,0.0,0
2026-02-21,D03_LONG_SON,40GP,160,17,15,0,0,15,0,162,71,0.0,0
2026-02-21,D03_LONG_SON,40HC,127,28,24,0,0,24,0,131,69,0.0,0
2026-02-22,D01_PHU_MY,20GP,159,22,19,0,0,19,0,162,73,0.0,0
2026-02-22,D01_PHU_MY,40GP,164,14,19,0,0,19,0,159,71,0.0,0
2026-02-22,D01_PHU_MY,40HC,155,18,25,0,0,25,0,148,102,0.0,0
2026-02-22,D02_CAI_MEP,20GP,52,16,16,0,0,16,0,52,65,13.0,0
2026-02-22,D02_CAI_MEP,40GP,123,16,27,0,0,27,0,112,85,0.0,0
2026-02-22,D02_CAI_MEP,40HC,95,20,15,0,0,15,0,100,78,0.0,0
2026-02-22,D03_LONG_SON,20GP,73,23,9,0,0,9,0,87,63,0.0,0
2026-02-22,D03_LONG_SON,40GP,162,19,11,0,0,11,0,170,71,0.0,0
2026-02-22,D03_LONG_SON,40HC,131,23,18,0,0,18,0,136,69,0.0,0
2026-02-23,D01_PHU_MY,20GP,162,17,26,0,0,26,0,153,73,0.0,0
2026-02-23,D01_PHU_MY,40GP,159,24,16,0,0,16,0,167,71,0.0,0
2026-02-23,D01_PHU_MY,40HC,148,25,40,0,0,40,0,133,102,0.0,0
2026-02-23,D02_CAI_MEP,20GP,52,18,17,0,0,17,0,53,65,12.0,0
2026-02-23,D02_CAI_MEP,40GP,112,21,29,0,0,29,0,104,85,0.0,0
2026-02-23,D02_CAI_MEP,40HC,100,39,25,0,0,25,0,114,78,0.0,0
2026-02-23,D03_LONG_SON,20GP,87,24,24,0,0,24,0,87,63,0.0,0
2026-02-23,D03_LONG_SON,40GP,170,32,27,0,0,27,0,175,71,0.0,0
2026-02-23,D03_LONG_SON,40HC,136,18,19,0,0,19,0,135,69,0.0,0
2026-02-24,D01_PHU_MY,20GP,153,15,25,0,0,25,0,143,73,0.0,0
2026-02-24,D01_PHU_MY,40GP,167,18,26,0,0,26,0,159,71,0.0,0
2026-02-24,D01_PHU_MY,40HC,133,22,32,0,0,32,0,123,102,0.0,0
2026-02-24,D02_CAI_MEP,20GP,53,20,22,0,0,22,0,51,65,14.0,0
2026-02-24,D02_CAI_MEP,40GP,104,19,25,0,0,25,0,98,85,0.0,0
2026-02-24,D02_CAI_MEP,40HC,114,35,22,0,0,22,0,127,78,0.0,0
2026-02-24,D03_LONG_SON,20GP,87,29,23,0,0,23,0,93,63,0.0,0
2026-02-24,D03_LONG_SON,40GP,175,22,22,0,0,22,0,175,71,0.0,0
2026-02-24,D03_LONG_SON,40HC,135,21,16,0,0,16,0,140,69,0.0,0
2026-02-25,D01_PHU_MY,20GP,143,16,31,0,0,31,0,128,73,0.0,0
2026-02-25,D01_PHU_MY,40GP,159,31,34,0,0,34,0,156,71,0.0,0
2026-02-25,D01_PHU_MY,40HC,123,25,40,24,0,40,0,132,102,0.0,0
2026-02-25,D02_CAI_MEP,20GP,51,14,16,0,0,16,0,49,65,16.0,0
2026-02-25,D02_CAI_MEP,40GP,98,22,33,0,0,33,0,87,85,0.0,0
2026-02-25,D02_CAI_MEP,40HC,127,34,30,0,24,30,0,107,78,0.0,0
2026-02-25,D03_LONG_SON,20GP,93,26,11,0,0,11,0,108,63,0.0,0
2026-02-25,D03_LONG_SON,40GP,175,17,17,0,0,17,0,175,71,0.0,0
2026-02-25,D03_LONG_SON,40HC,140,22,25,0,0,25,0,137,69,0.0,0
2026-02-26,D01_PHU_MY,20GP,128,27,33,0,0,33,0,122,73,0.0,0
2026-02-26,D01_PHU_MY,40GP,156,37,24,0,41,24,0,128,71,0.0,0
2026-02-26,D01_PHU_MY,40HC,132,34,33,0,0,33,0,133,102,0.0,0
2026-02-26,D02_CAI_MEP,20GP,49,28,19,0,0,19,0,58,65,7.0,0
2026-02-26,D02_CAI_MEP,40GP,87,25,26,41,0,26,0,127,85,0.0,0
2026-02-26,D02_CAI_MEP,40HC,107,31,40,0,0,40,0,98,78,0.0,0
2026-02-26,D03_LONG_SON,20GP,108,32,17,0,0,17,0,123,63,0.0,0
2026-02-26,D03_LONG_SON,40GP,175,24,26,0,0,26,0,173,71,0.0,0
2026-02-26,D03_LONG_SON,40HC,137,36,22,0,0,22,0,151,69,0.0,0
2026-02-27,D01_PHU_MY,20GP,122,17,24,0,0,24,0,115,73,0.0,0
2026-02-27,D01_PHU_MY,40GP,128,28,22,0,0,22,0,134,71,0.0,0
2026-02-27,D01_PHU_MY,40HC,133,29,33,0,0,33,0,129,102,0.0,0
2026-02-27,D02_CAI_MEP,20GP,58,22,23,0,0,23,0,57,65,8.0,0
2026-02-27,D02_CAI_MEP,40GP,127,36,22,0,0,22,0,141,85,0.0,0
2026-02-27,D02_CAI_MEP,40HC,98,44,36,0,0,36,0,106,78,0.0,0
2026-02-27,D03_LONG_SON,20GP,123,23,21,0,0,21,0,125,63,0.0,0
2026-02-27,D03_LONG_SON,40GP,173,23,20,0,0,20,0,176,71,0.0,0
2026-02-27,D03_LONG_SON,40HC,151,29,19,0,0,19,0,161,69,0.0,0
2026-02-28,D01_PHU_MY,20GP,115,21,21,18,0,21,0,133,73,0.0,0
2026-02-28,D01_PHU_MY,40GP,134,22,29,0,0,29,0,127,71,0.0,0
2026-02-28,D01_PHU_MY,40HC,129,23,30,0,0,30,0,122,102,0.0,0
2026-02-28,D02_CAI_MEP,20GP,57,20,12,0,0,12,0,65,65,0.0,0
2026-02-28,D02_CAI_MEP,40GP,141,12,21,0,0,21,0,132,85,0.0,0
2026-02-28,D02_CAI_MEP,40HC,106,22,24,0,0,24,0,104,78,0.0,0
2026-02-28,D03_LONG_SON,20GP,125,25,19,0,18,19,0,113,63,0.0,0
2026-02-28,D03_LONG_SON,40GP,176,34,28,0,0,28,0,182,71,0.0,0
2026-02-28,D03_LONG_SON,40HC,161,16,23,0,0,23,0,154,69,0.0,0
2026-03-01,D01_PHU_MY,20GP,133,10,16,0,0,16,0,127,73,0.0,0
2026-03-01,D01_PHU_MY,40GP,127,33,15,0,0,15,0,145,71,0.0,0
2026-03-01,D01_PHU_MY,40HC,122,25,32,0,0,32,0,115,102,0.0,0
2026-03-01,D02_CAI_MEP,20GP,65,16,17,0,0,17,0,64,65,1.0,0
2026-03-01,D02_CAI_MEP,40GP,132,21,24,0,0,24,0,129,85,0.0,0
2026-03-01,D02_CAI_MEP,40HC,104,28,12,0,0,12,0,120,78,0.0,0
2026-03-01,D03_LONG_SON,20GP,113,15,13,0,0,13,0,115,63,0.0,0
2026-03-01,D03_LONG_SON,40GP,182,19,24,0,0,24,0,177,71,0.0,0
2026-03-01,D03_LONG_SON,40HC,154,20,16,0,0,16,0,158,69,0.0,0
2026-03-02,D01_PHU_MY,20GP,127,11,22,0,0,22,0,116,73,0.0,0
2026-03-02,D01_PHU_MY,40GP,145,33,30,0,0,30,0,148,71,0.0,0
2026-03-02,D01_PHU_MY,40HC,115,34,30,0,0,30,0,119,102,0.0,0
2026-03-02,D02_CAI_MEP,20GP,64,25,25,0,0,25,0,64,65,1.0,0
2026-03-02,D02_CAI_MEP,40GP,129,22,33,0,0,33,0,118,85,0.0,0
2026-03-02,D02_CAI_MEP,40HC,120,42,26,0,0,26,0,136,78,0.0,0
2026-03-02,D03_LONG_SON,20GP,115,31,16,0,0,16,0,130,63,0.0,0
2026-03-02,D03_LONG_SON,40GP,177,26,22,0,0,22,0,181,71,0.0,0
2026-03-02,D03_LONG_SON,40HC,158,35,31,0,0,31,0,162,69,0.0,0
2026-03-03,D01_PHU_MY,20GP,116,20,22,11,0,22,0,125,73,0.0,0
2026-03-03,D01_PHU_MY,40GP,148,27,34,0,0,34,0,141,71,0.0,0
2026-03-03,D01_PHU_MY,40HC,119,33,31,0,0,31,0,121,102,0.0,0
2026-03-03,D02_CAI_MEP,20GP,64,29,17,0,11,17,0,65,65,0.0,0
2026-03-03,D02_CAI_MEP,40GP,118,31,38,0,0,38,0,111,85,0.0,0
2026-03-03,D02_CAI_MEP,40HC,136,40,22,0,0,22,0,154,78,0.0,0
2026-03-03,D03_LONG_SON,20GP,130,42,25,0,0,25,0,147,63,0.0,0
2026-03-03,D03_LONG_SON,40GP,181,23,22,0,0,22,0,182,71,0.0,0
2026-03-03,D03_LONG_SON,40HC,162,27,23,0,0,23,0,166,69,0.0,0
2026-03-04,D01_PHU_MY,20GP,125,17,29,6,0,29,0,119,73,0.0,0
2026-03-04,D01_PHU_MY,40GP,141,26,17,0,0,17,0,150,71,0.0,0
2026-03-04,D01_PHU_MY,40HC,121,23,38,0,0,38,0,106,102,0.0,0
2026-03-04,D02_CAI_MEP,20GP,65,29,23,0,6,23,0,65,65,0.0,0
2026-03-04,D02_CAI_MEP,40GP,111,23,25,0,0,25,0,109,85,0.0,0
2026-03-04,D02_CAI_MEP,40HC,154,36,35,0,0,35,0,155,78,0.0,0
2026-03-04,D03_LONG_SON,20GP,147,27,27,0,0,27,0,147,63,0.0,0
2026-03-04,D03_LONG_SON,40GP,182,33,32,0,0,32,0,183,71,0.0,0
2026-03-04,D03_LONG_SON,40HC,166,26,35,0,0,35,0,157,69,0.0,0
2026-03-05,D01_PHU_MY,20GP,119,16,30,0,0,30,0,105,73,0.0,0
2026-03-05,D01_PHU_MY,40GP,150,31,33,0,0,33,0,148,71,0.0,0
2026-03-05,D01_PHU_MY,40HC,106,37,40,0,0,40,0,103,102,0.0,0
2026-03-05,D02_CAI_MEP,20GP,65,23,17,0,0,17,0,71,65,0.0,0
2026-03-05,D02_CAI_MEP,40GP,109,28,28,0,0,28,0,109,85,0.0,0
2026-03-05,D02_CAI_MEP,40HC,155,43,27,0,0,27,0,171,78,0.0,0
2026-03-05,D03_LONG_SON,20GP,147,40,33,0,0,33,0,154,63,0.0,0
2026-03-05,D03_LONG_SON,40GP,183,33,25,0,0,25,0,191,71,0.0,0
2026-03-05,D03_LONG_SON,40HC,157,36,34,0,0,34,0,159,69,0.0,0
2026-03-06,D01_PHU_MY,20GP,105,14,22,0,0,22,0,97,73,0.0,0
2026-03-06,D01_PHU_MY,40GP,148,33,22,0,0,22,0,159,71,0.0,0
2026-03-06,D01_PHU_MY,40HC,103,38,38,0,0,38,0,103,102,0.0,0
2026-03-06,D02_CAI_MEP,20GP,71,23,24,0,0,24,0,70,65,0.0,0
2026-03-06,D02_CAI_MEP,40GP,109,15,38,0,0,38,0,86,85,0.0,0
2026-03-06,D02_CAI_MEP,40HC,171,50,40,0,0,40,0,181,78,0.0,0
2026-03-06,D03_LONG_SON,20GP,154,30,28,0,0,28,0,156,63,0.0,0
2026-03-06,D03_LONG_SON,40GP,191,29,28,0,0,28,0,192,71,0.0,0
2026-03-06,D03_LONG_SON,40HC,159,22,19,0,0,19,0,162,69,0.0,0
2026-03-07,D01_PHU_MY,20GP,97,20,28,0,0,28,0,89,73,0.0,0
2026-03-07,D01_PHU_MY,40GP,159,26,19,0,0,19,0,166,71,0.0,0
2026-03-07,D01_PHU_MY,40HC,103,32,30,0,0,30,0,105,102,0.0,0
2026-03-07,D02_CAI_MEP,20GP,70,27,20,0,0,20,0,77,65,0.0,0
2026-03-07,D02_CAI_MEP,40GP,86,24,25,0,0,25,0,85,85,0.0,0
2026-03-07,D02_CAI_MEP,40HC,181,35,25,0,0,25,0,191,78,0.0,0
2026-03-07,D03_LONG_SON,20GP,156,23,15,0,0,15,0,164,63,0.0,0
2026-03-07,D03_LONG_SON,40GP,192,17,27,0,0,27,0,182,71,0.0,0
2026-03-07,D03_LONG_SON,40HC,162,22,20,0,0,20,0,164,69,0.0,0
2026-03-08,D01_PHU_MY,20GP,89,11,20,0,0,20,0,80,73,0.0,0
2026-03-08,D01_PHU_MY,40GP,166,25,18,0,8,18,0,165,71,0.0,0
2026-03-08,D01_PHU_MY,40HC,105,23,27,0,0,27,0,101,102,1.0,0
2026-03-08,D02_CAI_MEP,20GP,77,17,14,0,0,14,0,80,65,0.0,0
2026-03-08,D02_CAI_MEP,40GP,85,22,30,8,0,30,0,85,85,0.0,0
2026-03-08,D02_CAI_MEP,40HC,191,26,23,0,0,23,0,194,78,0.0,0
2026-03-08,D03_LONG_SON,20GP,164,14,17,0,0,17,0,161,63,0.0,0
2026-03-08,D03_LONG_SON,40GP,182,17,11,0,0,11,0,188,71,0.0,0
2026-03-08,D03_LONG_SON,40HC,164,20,19,0,0,19,0,165,69,0.0,0
2026-03-09,D01_PHU_MY,20GP,80,26,28,0,0,28,0,78,73,0.0,0
2026-03-09,D01_PHU_MY,40GP,165,41,19,0,0,19,0,187,71,0.0,0
2026-03-09,D01_PHU_MY,40HC,101,32,28,0,0,28,0,105,102,0.0,0
2026-03-09,D02_CAI_MEP,20GP,80,19,26,0,0,26,0,73,65,0.0,0
2026-03-09,D02_CAI_MEP,40GP,85,29,29,0,0,29,0,85,85,0.0,0
2026-03-09,D02_CAI_MEP,40HC,194,33,26,0,0,26,0,201,78,0.0,0
2026-03-09,D03_LONG_SON,20GP,161,32,26,0,0,26,0,167,63,0.0,0
2026-03-09,D03_LONG_SON,40GP,188,17,34,0,0,34,0,171,71,0.0,0
2026-03-09,D03_LONG_SON,40HC,165,26,26,0,0,26,0,165,69,0.0,0
2026-03-10,D01_PHU_MY,20GP,78,31,26,14,0,26,0,97,73,0.0,0
2026-03-10,D01_PHU_MY,40GP,187,42,39,0,0,39,0,190,71,0.0,0
2026-03-10,D01_PHU_MY,40HC,105,34,37,0,0,37,0,102,102,0.0,0
2026-03-10,D02_CAI_MEP,20GP,73,30,24,0,14,24,0,65,65,0.0,0
2026-03-10,D02_CAI_MEP,40GP,85,34,34,0,0,34,0,85,85,0.0,0
2026-03-10,D02_CAI_MEP,40HC,201,39,35,0,0,35,0,205,78,0.0,0
2026-03-10,D03_LONG_SON,20GP,167,32,29,0,0,29,0,170,63,0.0,0
2026-03-10,D03_LONG_SON,40GP,171,29,32,0,0,32,0,168,71,0.0,0
2026-03-10,D03_LONG_SON,40HC,165,24,33,0,0,33,0,156,69,0.0,0
2026-03-11,D01_PHU_MY,20GP,97,18,32,0,0,32,0,83,73,0.0,0
2026-03-11,D01_PHU_MY,40GP,190,34,24,0,4,24,0,196,71,0.0,0
2026-03-11,D01_PHU_MY,40HC,102,29,26,0,0,26,0,105,102,0.0,0
2026-03-11,D02_CAI_MEP,20GP,65,27,27,0,0,27,0,65,65,0.0,0
2026-03-11,D02_CAI_MEP,40GP,85,29,33,4,0,33,0,85,85,0.0,0
2026-03-11,D02_CAI_MEP,40HC,205,27,20,0,0,20,0,212,78,0.0,0
2026-03-11,D03_LONG_SON,20GP,170,24,26,0,0,26,0,168,63,0.0,0
2026-03-11,D03_LONG_SON,40GP,168,34,24,0,0,24,0,178,71,0.0,0
2026-03-11,D03_LONG_SON,40HC,156,33,20,0,0,20,0,169,69,0.0,0
2026-03-12,D01_PHU_MY,20GP,83,22,39,7,0,39,0,73,73,0.0,0
2026-03-12,D01_PHU_MY,40GP,196,39,33,0,0,33,0,202,71,0.0,0
2026-03-12,D01_PHU_MY,40HC,105,37,41,0,0,41,0,101,102,1.0,0
2026-03-12,D02_CAI_MEP,20GP,65,35,22,0,7,22,0,71,65,0.0,0
2026-03-12,D02_CAI_MEP,40GP,85,27,25,0,0,25,0,87,85,0.0,0
2026-03-12,D02_CAI_MEP,40HC,212,45,27,0,0,27,0,230,78,0.0,0
2026-03-12,D03_LONG_SON,20GP,168,37,32,0,0,32,0,173,63,0.0,0
2026-03-12,D03_LONG_SON,40GP,178,25,22,0,0,22,0,181,71,0.0,0
2026-03-12,D03_LONG_SON,40HC,169,36,24,0,0,24,0,181,69,0.0,0
2026-03-13,D01_PHU_MY,20GP,73,22,42,17,0,42,0,70,73,3.0,0
2026-03-13,D01_PHU_MY,40GP,202,30,27,0,11,27,0,194,71,0.0,0
2026-03-13,D01_PHU_MY,40HC,101,37,42,0,0,42,0,96,102,6.0,0
2026-03-13,D02_CAI_MEP,20GP,71,26,23,0,17,23,0,57,65,8.0,0
2026-03-13,D02_CAI_MEP,40GP,87,23,29,11,0,29,0,92,85,0.0,0
2026-03-13,D02_CAI_MEP,40HC,230,36,26,0,0,26,0,240,78,0.0,0
2026-03-13,D03_LONG_SON,20GP,173,30,22,0,0,22,0,181,63,0.0,0
2026-03-13,D03_LONG_SON,40GP,181,33,41,0,0,41,0,173,71,0.0,0
2026-03-13,D03_LONG_SON,40HC,181,26,20,0,0,20,0,187,69,0.0,0
2026-03-14,D01_PHU_MY,20GP,70,19,24,0,0,24,0,65,73,8.0,0
2026-03-14,D01_PHU_MY,40GP,194,33,20,0,0,20,0,207,71,0.0,0
2026-03-14,D01_PHU_MY,40HC,96,27,34,0,0,34,0,89,102,13.0,0
2026-03-14,D02_CAI_MEP,20GP,57,25,17,0,0,17,0,65,65,0.0,0
2026-03-14,D02_CAI_MEP,40GP,92,29,32,0,0,32,0,89,85,0.0,0
2026-03-14,D02_CAI_MEP,40HC,240,23,27,0,0,27,0,236,78,0.0,0
2026-03-14,D03_LONG_SON,20GP,181,26,16,0,0,16,0,191,63,0.0,0
2026-03-14,D03_LONG_SON,40GP,173,29,25,0,0,25,0,177,71,0.0,0
2026-03-14,D03_LONG_SON,40HC,187,26,23,0,0,23,0,190,69,0.0,0
2026-03-15,D01_PHU_MY,20GP,65,17,21,0,0,21,0,61,73,12.0,0
2026-03-15,D01_PHU_MY,40GP,207,26,17,0,0,17,0,216,71,0.0,0
2026-03-15,D01_PHU_MY,40HC,89,24,27,0,0,27,0,86,102,16.0,0
2026-03-15,D02_CAI_MEP,20GP,65,15,16,0,0,16,0,64,65,1.0,0
2026-03-15,D02_CAI_MEP,40GP,89,20,20,0,0,20,0,89,85,0.0,0
2026-03-15,D02_CAI_MEP,40HC,236,25,22,0,0,22,0,239,78,0.0,0
2026-03-15,D03_LONG_SON,20GP,191,23,16,0,0,16,0,198,63,0.0,0
2026-03-15,D03_LONG_SON,40GP,177,20,20,0,0,20,0,177,71,0.0,0
2026-03-15,D03_LONG_SON,40HC,190,13,21,0,0,21,0,182,69,0.0,0
2026-03-16,D01_PHU_MY,20GP,61,22,30,0,0,30,0,53,73,20.0,0
2026-03-16,D01_PHU_MY,40GP,216,39,32,0,0,32,0,223,71,0.0,0
2026-03-16,D01_PHU_MY,40HC,86,31,42,0,0,42,0,75,102,27.0,0
2026-03-16,D02_CAI_MEP,20GP,64,20,22,0,0,22,0,62,65,3.0,0
2026-03-16,D02_CAI_MEP,40GP,89,24,28,0,0,28,0,85,85,0.0,0
2026-03-16,D02_CAI_MEP,40HC,239,38,34,0,0,34,0,243,78,0.0,0
2026-03-16,D03_LONG_SON,20GP,198,27,32,0,0,32,0,193,63,0.0,0
2026-03-16,D03_LONG_SON,40GP,177,28,32,0,0,32,0,173,71,0.0,0
2026-03-16,D03_LONG_SON,40HC,182,23,23,0,0,23,0,182,69,0.0,0
2026-03-17,D01_PHU_MY,20GP,53,21,34,1,0,34,0,41,73,32.0,0
2026-03-17,D01_PHU_MY,40GP,223,19,13,0,30,13,0,199,71,0.0,0
2026-03-17,D01_PHU_MY,40HC,75,30,36,0,0,36,0,69,102,33.0,0
2026-03-17,D02_CAI_MEP,20GP,62,26,22,0,1,22,0,65,65,0.0,0
2026-03-17,D02_CAI_MEP,40GP,85,19,37,30,0,37,0,97,85,0.0,0
2026-03-17,D02_CAI_MEP,40HC,243,35,24,0,0,24,0,254,78,0.0,0
2026-03-17,D03_LONG_SON,20GP,193,24,27,0,0,27,0,190,63,0.0,0
2026-03-17,D03_LONG_SON,40GP,173,24,25,0,0,25,0,172,71,0.0,0
2026-03-17,D03_LONG_SON,40HC,182,23,26,0,0,26,0,179,69,0.0,0
2026-03-18,D01_PHU_MY,20GP,41,14,25,0,0,25,0,30,73,43.0,0
2026-03-18,D01_PHU_MY,40GP,199,30,29,0,0,29,0,200,71,0.0,0
2026-03-18,D01_PHU_MY,40HC,69,32,38,0,0,38,0,63,102,39.0,0
2026-03-18,D02_CAI_MEP,20GP,65,25,14,0,0,14,0,76,65,0.0,0
2026-03-18,D02_CAI_MEP,40GP,97,26,30,0,0,30,0,93,85,0.0,0
2026-03-18,D02_CAI_MEP,40HC,254,34,18,0,0,18,0,270,78,0.0,0
2026-03-18,D03_LONG_SON,20GP,190,24,21,0,0,21,0,193,63,0.0,0
2026-03-18,D03_LONG_SON,40GP,172,23,17,0,0,17,0,178,71,0.0,0
2026-03-18,D03_LONG_SON,40HC,179,21,27,0,0,27,0,173,69,0.0,0
2026-03-19,D01_PHU_MY,20GP,30,34,29,0,0,29,0,35,73,38.0,0
2026-03-19,D01_PHU_MY,40GP,200,40,21,0,0,21,0,219,71,0.0,0
2026-03-19,D01_PHU_MY,40HC,63,44,44,0,0,44,0,63,102,39.0,0
2026-03-19,D02_CAI_MEP,20GP,76,22,26,0,0,26,0,72,65,0.0,0
2026-03-19,D02_CAI_MEP,40GP,93,30,31,0,0,31,0,92,85,0.0,0
2026-03-19,D02_CAI_MEP,40HC,270,32,28,0,0,28,0,274,78,0.0,0
2026-03-19,D03_LONG_SON,20GP,193,28,21,0,0,21,0,200,63,0.0,0
2026-03-19,D03_LONG_SON,40GP,178,18,25,0,0,25,0,171,71,0.0,0
2026-03-19,D03_LONG_SON,40HC,173,12,19,0,0,19,0,166,69,0.0,0
2026-03-20,D01_PHU_MY,20GP,35,27,19,0,0,19,0,43,73,30.0,0
2026-03-20,D01_PHU_MY,40GP,219,40,22,0,0,22,0,237,71,0.0,0
2026-03-20,D01_PHU_MY,40HC,63,41,35,0,0,35,0,69,102,33.0,0
2026-03-20,D02_CAI_MEP,20GP,72,17,21,0,0,21,0,68,65,0.0,0
2026-03-20,D02_CAI_MEP,40GP,92,12,28,0,0,28,0,76,85,9.0,0
2026-03-20,D02_CAI_MEP,40HC,274,37,29,0,0,29,0,282,78,0.0,0
2026-03-20,D03_LONG_SON,20GP,200,30,23,0,0,23,0,207,63,0.0,0
2026-03-20,D03_LONG_SON,40GP,171,29,22,0,0,22,0,178,71,0.0,0
2026-03-20,D03_LONG_SON,40HC,166,26,21,0,0,21,0,171,69,0.0,0
2026-03-21,D01_PHU_MY,20GP,43,16,23,0,0,23,0,36,73,37.0,0
2026-03-21,D01_PHU_MY,40GP,237,21,17,0,0,17,0,241,71,0.0,0
2026-03-21,D01_PHU_MY,40HC,69,18,30,0,0,30,0,57,102,45.0,0
2026-03-21,D02_CAI_MEP,20GP,68,29,28,0,0,28,0,69,65,0.0,0
2026-03-21,D02_CAI_MEP,40GP,76,20,24,0,0,24,0,72,85,13.0,0
2026-03-21,D02_CAI_MEP,40HC,282,27,22,0,0,22,0,287,78,0.0,0
2026-03-21,D03_LONG_SON,20GP,207,23,17,0,0,17,0,213,63,0.0,0
2026-03-21,D03_LONG_SON,40GP,178,18,28,0,0,28,0,168,71,0.0,0
2026-03-21,D03_LONG_SON,40HC,171,24,24,0,0,24,0,171,69,0.0,0
2026-03-22,D01_PHU_MY,20GP,36,13,17,0,0,17,0,32,73,41.0,0
2026-03-22,D01_PHU_MY,40GP,241,21,18,0,0,18,0,244,71,0.0,0
2026-03-22,D01_PHU_MY,40HC,57,24,24,0,0,24,0,57,102,45.0,0
2026-03-22,D02_CAI_MEP,20GP,69,11,12,0,0,12,0,68,65,0.0,0
2026-03-22,D02_CAI_MEP,40GP,72,11,26,0,0,26,0,57,85,28.0,0
2026-03-22,D02_CAI_MEP,40HC,287,26,21,0,0,21,0,292,78,0.0,0
2026-03-22,D03_LONG_SON,20GP,213,18,14,0,0,14,0,217,63,0.0,0
2026-03-22,D03_LONG_SON,40GP,168,18,16,0,0,16,0,170,71,0.0,0
2026-03-22,D03_LONG_SON,40HC,171,15,12,0,0,12,0,174,69,0.0,0
2026-03-23,D01_PHU_MY,20GP,32,17,20,0,0,20,0,29,73,44.0,0
2026-03-23,D01_PHU_MY,40GP,244,30,19,0,0,19,0,255,71,0.0,0
2026-03-23,D01_PHU_MY,40HC,57,27,33,0,0,33,0,51,102,51.0,0
2026-03-23,D02_CAI_MEP,20GP,68,15,19,0,0,19,0,64,65,1.0,0
2026-03-23,D02_CAI_MEP,40GP,57,25,31,0,0,31,0,51,85,34.0,0
2026-03-23,D02_CAI_MEP,40HC,292,39,21,0,0,21,0,310,78,0.0,0
2026-03-23,D03_LONG_SON,20GP,217,18,20,0,0,20,0,215,63,0.0,0
2026-03-23,D03_LONG_SON,40GP,170,19,31,0,0,31,0,158,71,0.0,0
2026-03-23,D03_LONG_SON,40HC,174,25,17,0,0,17,0,182,69,0.0,0
2026-03-24,D01_PHU_MY,20GP,29,16,19,0,0,19,0,26,73,47.0,0
2026-03-24,D01_PHU_MY,40GP,255,33,17,0,0,17,0,271,71,0.0,0
2026-03-24,D01_PHU_MY,40HC,51,22,32,0,0,32,0,41,102,61.0,0
2026-03-24,D02_CAI_MEP,20GP,64,24,23,0,0,23,0,65,65,0.0,0
2026-03-24,D02_CAI_MEP,40GP,51,22,26,0,0,26,0,47,85,38.0,0
2026-03-24,D02_CAI_MEP,40HC,310,27,17,0,0,17,0,320,78,0.0,0
2026-03-24,D03_LONG_SON,20GP,215,27,29,0,0,29,0,213,63,0.0,0
2026-03-24,D03_LONG_SON,40GP,158,26,24,0,0,24,0,160,71,0.0,0
2026-03-24,D03_LONG_SON,40HC,182,19,26,0,0,26,0,175,69,0.0,0
2026-03-25,D01_PHU_MY,20GP,26,17,22,0,0,22,0,21,73,52.0,0
2026-03-25,D01_PHU_MY,40GP,271,19,32,0,0,32,0,258,71,0.0,0
2026-03-25,D01_PHU_MY,40HC,41,40,32,0,0,32,0,49,102,53.0,0
2026-03-25,D02_CAI_MEP,20GP,65,30,19,0,0,19,0,76,65,0.0,0
2026-03-25,D02_CAI_MEP,40GP,47,27,18,0,0,18,0,56,85,29.0,0
2026-03-25,D02_CAI_MEP,40HC,320,38,21,0,0,21,0,337,78,0.0,0
2026-03-25,D03_LONG_SON,20GP,213,31,19,0,0,19,0,225,63,0.0,0
2026-03-25,D03_LONG_SON,40GP,160,19,19,0,0,19,0,160,71,0.0,0
2026-03-25,D03_LONG_SON,40HC,175,16,13,0,0,13,0,178,69,0.0,0
2026-03-26,D01_PHU_MY,20GP,21,24,22,0,0,22,0,23,73,50.0,0
2026-03-26,D01_PHU_MY,40GP,258,39,18,0,0,18,0,279,71,0.0,0
2026-03-26,D01_PHU_MY,40HC,49,24,29,0,0,29,0,44,102,58.0,0
2026-03-26,D02_CAI_MEP,20GP,76,18,16,0,0,16,0,78,65,0.0,0
2026-03-26,D02_CAI_MEP,40GP,56,19,31,0,0,31,0,44,85,41.0,0
2026-03-26,D02_CAI_MEP,40HC,337,31,18,0,0,18,0,350,78,0.0,0
2026-03-26,D03_LONG_SON,20GP,225,27,19,0,0,19,0,233,63,0.0,0
2026-03-26,D03_LONG_SON,40GP,160,24,29,0,0,29,0,155,71,0.0,0
2026-03-26,D03_LONG_SON,40HC,178,31,17,0,0,17,0,192,69,0.0,0
2026-03-27,D01_PHU_MY,20GP,23,17,16,0,0,16,0,24,73,49.0,0
2026-03-27,D01_PHU_MY,40GP,279,24,14,0,0,14,0,289,71,0.0,0
2026-03-27,D01_PHU_MY,40HC,44,26,28,0,0,28,0,42,102,60.0,0
2026-03-27,D02_CAI_MEP,20GP,78,31,24,0,0,24,0,85,65,0.0,0
2026-03-27,D02_CAI_MEP,40GP,44,25,30,0,0,30,0,39,85,46.0,0
2026-03-27,D02_CAI_MEP,40HC,350,40,33,0,0,33,0,357,78,0.0,0
2026-03-27,D03_LONG_SON,20GP,233,20,24,0,0,24,0,229,63,0.0,0
2026-03-27,D03_LONG_SON,40GP,155,26,18,0,0,18,0,163,71,0.0,0
2026-03-27,D03_LONG_SON,40HC,192,23,22,0,0,22,0,193,69,0.0,0
2026-03-28,D01_PHU_MY,20GP,24,22,15,0,0,15,0,31,73,42.0,0
2026-03-28,D01_PHU_MY,40GP,289,22,19,0,0,19,0,292,71,0.0,0
2026-03-28,D01_PHU_MY,40HC,42,36,30,0,0,30,0,48,102,54.0,0
2026-03-28,D02_CAI_MEP,20GP,85,21,17,0,0,17,0,89,65,0.0,0
2026-03-28,D02_CAI_MEP,40GP,39,19,27,0,0,27,0,31,85,54.0,0
2026-03-28,D02_CAI_MEP,40HC,357,26,19,0,0,19,0,364,78,0.0,0
2026-03-28,D03_LONG_SON,20GP,229,20,11,0,0,11,0,238,63,0.0,0
2026-03-28,D03_LONG_SON,40GP,163,16,27,0,0,27,0,152,71,0.0,0
2026-03-28,D03_LONG_SON,40HC,193,28,16,0,0,16,0,205,69,0.0,0
2026-03-29,D01_PHU_MY,20GP,31,13,16,0,0,16,0,28,73,45.0,0
2026-03-29,D01_PHU_MY,40GP,292,19,20,0,0,20,0,291,71,0.0,0
2026-03-29,D01_PHU_MY,40HC,48,24,29,0,0,29,0,43,102,59.0,0
2026-03-29,D02_CAI_MEP,20GP,89,10,15,0,0,15,0,84,65,0.0,0
2026-03-29,D02_CAI_MEP,40GP,31,12,22,0,0,22,0,21,85,64.0,0
2026-03-29,D02_CAI_MEP,40HC,364,18,21,0,0,21,0,361,78,0.0,0
2026-03-29,D03_LONG_SON,20GP,238,18,12,0,0,12,0,244,63,0.0,0
2026-03-29,D03_LONG_SON,40GP,152,21,12,0,0,12,0,161,71,0.0,0
2026-03-29,D03_LONG_SON,40HC,205,12,21,0,0,21,0,196,69,0.0,0
2026-03-30,D01_PHU_MY,20GP,28,19,32,0,0,32,0,15,73,58.0,0
2026-03-30,D01_PHU_MY,40GP,291,29,16,0,0,16,0,304,71,0.0,0
2026-03-30,D01_PHU_MY,40HC,43,21,38,0,0,38,0,26,102,76.0,0
2026-03-30,D02_CAI_MEP,20GP,84,18,18,0,0,18,0,84,65,0.0,0
2026-03-30,D02_CAI_MEP,40GP,21,21,26,0,0,26,0,16,85,69.0,0
2026-03-30,D02_CAI_MEP,40HC,361,41,25,0,0,25,0,377,78,0.0,0
2026-03-30,D03_LONG_SON,20GP,244,26,24,0,0,24,0,246,63,0.0,0
2026-03-30,D03_LONG_SON,40GP,161,16,18,0,0,18,0,159,71,0.0,0
2026-03-30,D03_LONG_SON,40HC,196,21,21,0,0,21,0,196,69,0.0,0
2026-03-31,D01_PHU_MY,20GP,15,14,29,0,0,29,0,0,73,73.0,0
2026-03-31,D01_PHU_MY,40GP,304,31,28,0,0,28,0,307,71,0.0,0
2026-03-31,D01_PHU_MY,40HC,26,23,49,0,0,49,0,0,102,102.0,0
2026-03-31,D02_CAI_MEP,20GP,84,22,24,0,0,24,0,82,65,0.0,0
2026-03-31,D02_CAI_MEP,40GP,16,18,34,0,0,34,0,0,85,85.0,0
2026-03-31,D02_CAI_MEP,40HC,377,30,27,0,0,27,0,380,78,0.0,0
2026-03-31,D03_LONG_SON,20GP,246,25,24,0,0,24,0,247,63,0.0,0
2026-03-31,D03_LONG_SON,40GP,159,22,25,0,0,25,0,156,71,0.0,0
2026-03-31,D03_LONG_SON,40HC,196,33,20,0,0,20,0,209,69,0.0,0
