From,To,Straight_km,Road_km,Road_Straight_Ratio,Travel_Time_min,Container_Type,Scenario,Base_Cost_VND,Cost_per_km_VND,Transport_Cost_VND
T01_CMIT,T02_TCIT,2.81,3.69,1.31,4.7,20GP,BASE,1200000,25000,1292250
T01_CMIT,T03_SSIT,1.38,1.71,1.24,2.3,20GP,BASE,1200000,25000,1242750
T01_CMIT,D01_PHU_MY,4.4,5.72,1.3,7.4,20GP,BASE,1200000,25000,1343000
T01_CMIT,D02_CAI_MEP,5.5,5.87,1.07,7.2,20GP,BASE,1200000,25000,1346750
T01_CMIT,D03_LONG_SON,6.02,22.32,3.71,24.9,20GP,BASE,1200000,25000,1758000
T02_TCIT,T03_SSIT,4.18,4.37,1.05,4.8,20GP,BASE,1200000,25000,1309250
T02_TCIT,D01_PHU_MY,2.14,3.09,1.44,4.2,20GP,BASE,1200000,25000,1277250
T02_TCIT,D02_CAI_MEP,2.7,3.25,1.2,4,20GP,BASE,1200000,25000,1281250
T02_TCIT,D03_LONG_SON,7.26,19.69,2.71,21.6,20GP,BASE,1200000,25000,1692250
T03_SSIT,D01_PHU_MY,5.75,8.17,1.42,9.8,20GP,BASE,1200000,25000,1404250
T03_SSIT,D02_CAI_MEP,6.87,8.33,1.21,9.6,20GP,BASE,1200000,25000,1408250
T03_SSIT,D03_LONG_SON,6.02,24.78,4.12,27.3,20GP,BASE,1200000,25000,1819500
D01_PHU_MY,D02_CAI_MEP,2.5,5.94,2.38,7.6,20GP,BASE,1200000,25000,1348500
D01_PHU_MY,D03_LONG_SON,6.9,17.48,2.53,19.7,20GP,BASE,1200000,25000,1637000
D02_CAI_MEP,D03_LONG_SON,9.31,19.39,2.08,21.3,20GP,BASE,1200000,25000,1684750
T01_CMIT,T02_TCIT,2.81,3.69,1.31,4.7,40GP,BASE,1500000,30000,1610700
T01_CMIT,T03_SSIT,1.38,1.71,1.24,2.3,40GP,BASE,1500000,30000,1551300
T01_CMIT,D01_PHU_MY,4.4,5.72,1.3,7.4,40GP,BASE,1500000,30000,1671600
T01_CMIT,D02_CAI_MEP,5.5,5.87,1.07,7.2,40GP,BASE,1500000,30000,1676100
T01_CMIT,D03_LONG_SON,6.02,22.32,3.71,24.9,40GP,BASE,1500000,30000,2169600
T02_TCIT,T03_SSIT,4.18,4.37,1.05,4.8,40GP,BASE,1500000,30000,1631100
T02_TCIT,D01_PHU_MY,2.14,3.09,1.44,4.2,40GP,BASE,1500000,30000,1592700
T02_TCIT,D02_CAI_MEP,2.7,3.25,1.2,4,40GP,BASE,1500000,30000,1597500
T02_TCIT,D03_LONG_SON,7.26,19.69,2.71,21.6,40GP,BASE,1500000,30000,2090700
T03_SSIT,D01_PHU_MY,5.75,8.17,1.42,9.8,40GP,BASE,1500000,30000,1745100
T03_SSIT,D02_CAI_MEP,6.87,8.33,1.21,9.6,40GP,BASE,1500000,30000,1749900
T03_SSIT,D03_LONG_SON,6.02,24.78,4.12,27.3,40GP,BASE,1500000,30000,2243400
D01_PHU_MY,D02_CAI_MEP,2.5,5.94,2.38,7.6,40GP,BASE,1500000,30000,1678200
D01_PHU_MY,D03_LONG_SON,6.9,17.48,2.53,19.7,40GP,BASE,1500000,30000,2024400
D02_CAI_MEP,D03_LONG_SON,9.31,19.39,2.08,21.3,40GP,BASE,1500000,30000,2081700
T01_CMIT,T02_TCIT,2.81,3.69,1.31,4.7,40HC,BASE,1500000,30000,1610700
T01_CMIT,T03_SSIT,1.38,1.71,1.24,2.3,40HC,BASE,1500000,30000,1551300
T01_CMIT,D01_PHU_MY,4.4,5.72,1.3,7.4,40HC,BASE,1500000,30000,1671600
T01_CMIT,D02_CAI_MEP,5.5,5.87,1.07,7.2,40HC,BASE,1500000,30000,1676100
T01_CMIT,D03_LONG_SON,6.02,22.32,3.71,24.9,40HC,BASE,1500000,30000,2169600
T02_TCIT,T03_SSIT,4.18,4.37,1.05,4.8,40HC,BASE,1500000,30000,1631100
T02_TCIT,D01_PHU_MY,2.14,3.09,1.44,4.2,40HC,BASE,1500000,30000,1592700
T02_TCIT,D02_CAI_MEP,2.7,3.25,1.2,4,40HC,BASE,1500000,30000,1597500
T02_TCIT,D03_LONG_SON,7.26,19.69,2.71,21.6,40HC,BASE,1500000,30000,2090700
T03_SSIT,D01_PHU_MY,5.75,8.17,1.42,9.8,40HC,BASE,1500000,30000,1745100
T03_SSIT,D02_CAI_MEP,6.87,8.33,1.21,9.6,40HC,BASE,1500000,30000,1749900
T03_SSIT,D03_LONG_SON,6.02,24.78,4.12,27.3,40HC,BASE,1500000,30000,2243400
D01_PHU_MY,D02_CAI_MEP,2.5,5.94,2.38,7.6,40HC,BASE,1500000,30000,1678200
D01_PHU_MY,D03_LONG_SON,6.9,17.48,2.53,19.7,40HC,BASE,1500000,30000,2024400
D02_CAI_MEP,D03_LONG_SON,9.31,19.39,2.08,21.3,40HC,BASE,1500000,30000,2081700
