Depot_ID,Container_Type,Spatial_Role,Avg_Return,Avg_Demand,Total_Return,Total_Demand,Total_Shortage,Min_Available,Max_Available,Avg_Available,Net_Flow
D01_PHU_MY,20GP,DEFICIT,19.49,24.43,1754,2199,331,0,100,19.97,-445
D01_PHU_MY,40GP,SURPLUS,30.21,23.54,2719,2119,0,124,721,417.78,600
D01_PHU_MY,40HC,DEFICIT,28.66,34.16,2579,3074,368,0,122,19.79,-495
D02_CAI_MEP,20GP,BALANCED,22.0,21.58,1980,1942,0,49,145,86.46,38
D02_CAI_MEP,40GP,DEFICIT,22.5,28.28,2025,2545,414,0,99,19.43,-520
D02_CAI_MEP,40HC,SURPLUS,32.86,25.83,2957,2325,0,132,748,413.82,632
D03_LONG_SON,20GP,SURPLUS,25.71,20.96,2314,1886,0,95,522,323.03,428
D03_LONG_SON,40GP,BALANCED,24.44,23.82,2200,2144,0,84,192,141.3,56
D03_LONG_SON,40HC,BALANCED,24.3,23.11,2187,2080,0,52,209,116.84,107
