From,To,Straight_km,Road_km,Road_Straight_Ratio,Travel_Time_min
T01_CMIT,T02_TCIT,2.81,3.69,1.31,4.7
T01_CMIT,T03_SSIT,1.38,1.71,1.24,2.3
T01_CMIT,D01_PHU_MY,4.4,5.72,1.3,7.4
T01_CMIT,D02_CAI_MEP,5.5,5.87,1.07,7.2
T01_CMIT,D03_LONG_SON,6.02,22.32,3.71,24.9
T02_TCIT,T03_SSIT,4.18,4.37,1.05,4.8
T02_TCIT,D01_PHU_MY,2.14,3.09,1.44,4.2
T02_TCIT,D02_CAI_MEP,2.7,3.25,1.2,4.0
T02_TCIT,D03_LONG_SON,7.26,19.69,2.71,21.6
T03_SSIT,D01_PHU_MY,5.75,8.17,1.42,9.8
T03_SSIT,D02_CAI_MEP,6.87,8.33,1.21,9.6
T03_SSIT,D03_LONG_SON,6.02,24.78,4.12,27.3
D01_PHU_MY,D02_CAI_MEP,2.5,5.94,2.38,7.6
D01_PHU_MY,D03_LONG_SON,6.9,17.48,2.53,19.7
D02_CAI_MEP,D03_LONG_SON,9.31,19.39,2.08,21.3
