Date,Containers_Repositioned,Optimized_Shortage,Closing_Stock,Safety_Deficit,Baseline_Shortage,Shortage_Reduction
2026-01-01,19,0,931,0.0,0,0
2026-01-02,0,0,990,0.0,0,0
2026-01-03,0,0,985,0.0,0,0
2026-01-04,24,0,972,0.0,0,0
2026-01-05,85,0,991,0.0,0,0
2026-01-06,0,0,987,4.0,0,0
2026-01-07,4,0,974,2.0,0,0
2026-01-08,6,0,983,0.0,0,0
2026-01-09,0,0,1019,0.0,0,0
2026-01-10,13,0,1064,0.0,0,0
2026-01-11,0,0,1054,0.0,0,0
2026-01-12,0,0,1034,0.0,0,0
2026-01-13,0,0,997,8.0,0,0
2026-01-14,0,0,1023,0.0,0,0
2026-01-15,0,0,1026,0.0,0,0
2026-01-16,0,0,1034,0.0,0,0
2026-01-17,0,0,1054,0.0,0,0
2026-01-18,7,0,1041,0.0,0,0
2026-01-19,0,0,1042,0.0,0,0
2026-01-20,102,0,1019,0.0,0,0
2026-01-21,0,0,1048,0.0,0,0
2026-01-22,3,0,1039,0.0,15,15
2026-01-23,0,0,1020,0.0,11,11
2026-01-24,153,0,1017,0.0,4,4
2026-01-25,10,0,1016,0.0,0,0
2026-01-26,0,0,1014,9.0,11,11
2026-01-27,52,0,1010,12.0,37,37
2026-01-28,0,0,1002,17.0,9,9
2026-01-29,14,0,1022,8.0,0,0
2026-01-30,17,0,1038,8.0,14,14
2026-01-31,114,0,1045,17.0,8,8
2026-02-01,0,0,1072,16.0,0,0
2026-02-02,0,0,1053,12.0,22,22
2026-02-03,6,0,1051,13.0,8,8
2026-02-04,0,0,1059,7.0,7,7
2026-02-05,0,0,1084,7.0,13,13
2026-02-06,0,0,1099,0.0,16,16
2026-02-07,135,0,1126,3.0,19,19
2026-02-08,0,0,1120,9.0,21,21
2026-02-09,0,0,1102,0.0,48,48
2026-02-10,0,0,1093,0.0,23,23
2026-02-11,0,0,1101,0.0,22,22
2026-02-12,43,0,1116,0.0,4,4
2026-02-13,8,0,1100,0.0,29,29
2026-02-14,33,0,1125,0.0,16,16
2026-02-15,0,0,1100,0.0,21,21
2026-02-16,0,0,1121,0.0,20,20
2026-02-17,0,0,1094,0.0,28,28
2026-02-18,73,0,1093,6.0,25,25
2026-02-19,0,0,1124,9.0,1,1
2026-02-20,0,0,1135,15.0,16,16
2026-02-21,0,0,1114,13.0,23,23
2026-02-22,0,0,1126,13.0,18,18
2026-02-23,0,0,1121,12.0,23,23
2026-02-24,0,0,1109,14.0,25,25
2026-02-25,24,0,1079,16.0,41,41
2026-02-26,41,0,1113,7.0,7,7
2026-02-27,0,0,1144,8.0,10,10
2026-02-28,18,0,1132,0.0,7,7
2026-03-01,0,0,1150,1.0,13,13
2026-03-02,0,0,1174,1.0,20,20
2026-03-03,11,0,1212,0.0,9,9
2026-03-04,6,0,1191,0.0,23,23
2026-03-05,0,0,1211,0.0,17,17
2026-03-06,0,0,1206,0.0,31,31
2026-03-07,0,0,1223,0.0,9,9
2026-03-08,8,0,1219,1.0,19,19
2026-03-09,0,0,1232,0.0,2,2
2026-03-10,14,0,1238,0.0,0,0
2026-03-11,4,0,1261,0.0,13,13
2026-03-12,7,0,1299,1.0,17,17
2026-03-13,28,0,1290,17.0,29,29
2026-03-14,0,0,1309,21.0,15,15
2026-03-15,0,0,1312,29.0,7,7
2026-03-16,0,0,1289,50.0,23,23
2026-03-17,31,0,1266,65.0,37,37
2026-03-18,0,0,1276,82.0,21,21
2026-03-19,0,0,1292,77.0,1,1
2026-03-20,0,0,1331,72.0,16,16
2026-03-21,0,0,1314,95.0,10,10
2026-03-22,0,0,1311,114.0,15,15
2026-03-23,0,0,1315,130.0,13,13
2026-03-24,0,0,1318,146.0,17,17
2026-03-25,0,0,1360,134.0,5,5
2026-03-26,0,0,1398,149.0,3,3
2026-03-27,0,0,1421,155.0,5,5
2026-03-28,0,0,1450,150.0,8,8
2026-03-29,0,0,1429,168.0,10,10
2026-03-30,0,0,1423,203.0,26,26
2026-03-31,0,0,1381,260.0,57,57
