Scenario,Depot_ID,Container_Type,Avg_Return,Avg_Demand,Total_Return,Total_Demand,Net_Flow,Baseline_Shortage,Avg_Closing_Stock
LOW,D01_PHU_MY,20GP,66.46,83.39,5981,7505,-1524,1276,25.84
LOW,D01_PHU_MY,40GP,64.27,50.02,5784,4502,1282,0,783.93
LOW,D01_PHU_MY,40HC,63.03,75.02,5673,6752,-1079,856,32.34
LOW,D02_CAI_MEP,20GP,85.03,83.39,7653,7505,148,0,191.98
LOW,D02_CAI_MEP,40GP,39.8,49.98,3582,4498,-916,767,23.52
LOW,D02_CAI_MEP,40HC,95.44,75.1,8590,6759,1831,0,1071.13
LOW,D03_LONG_SON,20GP,87.76,71.57,7898,6441,1457,0,991.02
LOW,D03_LONG_SON,40GP,44.01,42.91,3961,3862,99,0,202.84
LOW,D03_LONG_SON,40HC,67.68,64.3,6091,5787,304,0,225.4
BASE,D01_PHU_MY,20GP,99.76,125.14,8978,11263,-2285,1913,39.54
BASE,D01_PHU_MY,40GP,96.32,75.08,8669,6757,1912,0,1168.4
BASE,D01_PHU_MY,40HC,94.47,112.57,8502,10131,-1629,1294,48.09
BASE,D02_CAI_MEP,20GP,127.59,125.17,11483,11265,218,0,287.0
BASE,D02_CAI_MEP,40GP,59.67,75.04,5370,6754,-1384,1161,35.88
BASE,D02_CAI_MEP,40HC,143.24,112.6,12892,10134,2758,0,1614.31
BASE,D03_LONG_SON,20GP,131.52,107.23,11837,9651,2186,0,1481.9
BASE,D03_LONG_SON,40GP,66.03,64.41,5943,5797,146,0,298.88
BASE,D03_LONG_SON,40HC,101.48,96.53,9133,8688,445,0,338.49
HIGH,D01_PHU_MY,20GP,133.08,166.74,11977,15007,-3030,2534,52.29
HIGH,D01_PHU_MY,40GP,128.48,100.21,11563,9019,2544,0,1555.96
HIGH,D01_PHU_MY,40HC,125.86,150.09,11327,13508,-2181,1735,64.07
HIGH,D02_CAI_MEP,20GP,170.01,166.74,15301,15007,294,0,381.7
HIGH,D02_CAI_MEP,40GP,79.58,100.01,7162,9001,-1839,1542,47.92
HIGH,D02_CAI_MEP,40HC,190.89,150.09,17180,13508,3672,0,2147.22
HIGH,D03_LONG_SON,20GP,175.4,142.93,15786,12864,2922,0,1982.92
HIGH,D03_LONG_SON,40GP,87.99,85.77,7919,7719,200,0,400.84
HIGH,D03_LONG_SON,40HC,135.23,128.68,12171,11581,590,0,446.01
